timestamp,iv_1W,iv_1M,iv_2M,iv_3M,iv_6M,iv_1Y,atm_iv,skew_25d,skew_10d
2023-01-03,0.171191,0.172763,0.1691,0.168206,0.165085,0.174106,0.172763,-0.045036,-0.067911
2023-01-04,0.170247,0.176486,0.175736,0.1726,0.171397,0.172096,0.176486,-0.03844,-0.060122
2023-01-05,0.161446,0.165524,0.162914,0.163062,0.16896,0.162401,0.165524,-0.041863,-0.088286
2023-01-06,0.169905,0.177041,0.179245,0.176541,0.17641,0.170284,0.177041,-0.036,-0.076531
2023-01-09,0.172851,0.18221,0.172847,0.17151,0.171163,0.176724,0.18221,-0.036079,-0.072535
2023-01-10,0.166718,0.165639,0.170771,0.165646,0.164875,0.172877,0.165639,-0.040782,-0.085523
2023-01-11,0.17579,0.17237,0.172568,0.176137,0.172446,0.175389,0.17237,-0.030079,-0.085292
2023-01-12,0.178426,0.171785,0.176412,0.175949,0.179609,0.172511,0.171785,-0.033876,-0.060381
2023-01-13,0.187985,0.189837,0.188065,0.187148,0.190058,0.193159,0.189837,-0.032454,-0.075017
2023-01-16,0.190581,0.188324,0.192259,0.186887,0.184736,0.190275,0.188324,-0.042484,-0.072053
2023-01-17,0.187591,0.195861,0.18872,0.189644,0.185594,0.188256,0.195861,-0.040729,-0.080964
2023-01-18,0.189122,0.183524,0.192865,0.1962,0.18932,0.185748,0.183524,-0.043591,-0.068501
2023-01-19,0.201537,0.202694,0.195182,0.20051,0.204123,0.200645,0.202694,-0.044614,-0.066057
2023-01-20,0.203639,0.198697,0.197589,0.203486,0.197723,0.198599,0.198697,-0.039076,-0.079208
2023-01-23,0.189731,0.184971,0.190855,0.190401,0.188638,0.193132,0.184971,-0.042141,-0.073596
2023-01-24,0.18345,0.185487,0.180982,0.1819,0.182813,0.185094,0.185487,-0.040761,-0.088099
2023-01-25,0.172784,0.180621,0.177616,0.180786,0.185322,0.179186,0.180621,-0.030199,-0.085444
2023-01-26,0.16983,0.175964,0.176506,0.173699,0.176149,0.174657,0.175964,-0.049196,-0.078301
2023-01-27,0.157593,0.160701,0.153339,0.157002,0.152596,0.155173,0.160701,-0.03336,-0.062736
2023-01-30,0.145829,0.149983,0.149145,0.146183,0.152457,0.149313,0.149983,-0.04662,-0.089212
2023-01-31,0.145583,0.137226,0.134793,0.135483,0.142066,0.142578,0.137226,-0.034033,-0.065247
2023-02-01,0.141852,0.145781,0.139741,0.144331,0.149433,0.142265,0.145781,-0.034939,-0.062193
2023-02-02,0.154402,0.16064,0.160433,0.158526,0.16101,0.158745,0.16064,-0.030138,-0.072226
2023-02-03,0.178221,0.177893,0.177998,0.179899,0.179415,0.173549,0.177893,-0.048681,-0.077631
2023-02-06,0.182404,0.179457,0.176998,0.180307,0.179925,0.173273,0.179457,-0.042662,-0.074814
2023-02-07,0.185937,0.187206,0.192174,0.180605,0.185787,0.188803,0.187206,-0.041871,-0.073375
2023-02-08,0.194464,0.196564,0.195329,0.20051,0.195931,0.196159,0.196564,-0.042739,-0.073287
2023-02-09,0.199531,0.194154,0.197777,0.19491,0.200439,0.196711,0.194154,-0.032383,-0.062523
2023-02-10,0.194634,0.1928,0.190956,0.196617,0.18557,0.190347,0.1928,-0.032325,-0.076129
2023-02-13,0.169645,0.172985,0.16992,0.170216,0.169376,0.174651,0.172985,-0.040698,-0.089176
2023-02-14,0.157255,0.150979,0.158177,0.152702,0.155481,0.15708,0.150979,-0.036439,-0.075966
2023-02-15,0.142518,0.145965,0.145799,0.145987,0.151896,0.148891,0.145965,-0.034074,-0.076707
2023-02-16,0.151559,0.15113,0.144228,0.149246,0.150441,0.151478,0.15113,-0.042964,-0.063938
2023-02-17,0.149838,0.152168,0.150145,0.157683,0.152673,0.151812,0.152168,-0.048595,-0.071553
2023-02-20,0.154301,0.158158,0.155468,0.159063,0.15777,0.158828,0.158158,-0.045599,-0.076911
2023-02-21,0.158567,0.153716,0.162883,0.157537,0.165433,0.161523,0.153716,-0.047708,-0.065411
2023-02-22,0.139855,0.140865,0.141332,0.142886,0.141291,0.144937,0.140865,-0.038078,-0.086779
2023-02-23,0.148204,0.144957,0.147881,0.152621,0.148786,0.147523,0.144957,-0.046072,-0.072533
2023-02-24,0.147169,0.152262,0.147183,0.150517,0.149963,0.155312,0.152262,-0.036909,-0.061595
2023-02-27,0.144258,0.147337,0.14834,0.148229,0.151684,0.14992,0.147337,-0.044865,-0.067249
2023-02-28,0.127874,0.129338,0.130285,0.13514,0.13078,0.136695,0.129338,-0.039697,-0.078835
2023-03-01,0.12624,0.133144,0.127446,0.131831,0.131915,0.135707,0.133144,-0.030637,-0.075043
2023-03-02,0.134504,0.131575,0.135058,0.134152,0.134514,0.130631,0.131575,-0.035021,-0.072955
2023-03-03,0.149094,0.155532,0.148183,0.151866,0.152581,0.146545,0.155532,-0.041294,-0.083014
2023-03-06,0.154452,0.158918,0.155116,0.155449,0.159575,0.161503,0.158918,-0.047577,-0.066785
2023-03-07,0.154284,0.158841,0.160776,0.157075,0.161827,0.161035,0.158841,-0.041301,-0.084467
2023-03-08,0.159831,0.153066,0.155069,0.158839,0.156643,0.163846,0.153066,-0.046093,-0.065482
2023-03-09,0.16751,0.166271,0.171319,0.168469,0.168395,0.166767,0.166271,-0.046052,-0.077224
2023-03-10,0.173791,0.170948,0.177868,0.177373,0.178922,0.181083,0.170948,-0.03562,-0.069128
2023-03-13,0.179958,0.184957,0.185627,0.185303,0.178626,0.188109,0.184957,-0.03818,-0.084813
2023-03-14,0.187203,0.182067,0.188689,0.186626,0.184156,0.19336,0.182067,-0.039468,-0.072464
2023-03-15,0.179893,0.176234,0.179901,0.181369,0.179635,0.179854,0.176234,-0.030823,-0.070518
2023-03-16,0.193242,0.193496,0.189039,0.188162,0.196462,0.193375,0.193496,-0.034342,-0.064371
2023-03-17,0.184472,0.184584,0.185148,0.187287,0.186661,0.183069,0.184584,-0.049358,-0.067476
2023-03-20,0.172511,0.173791,0.175667,0.176084,0.173533,0.172125,0.173791,-0.044881,-0.073564
2023-03-21,0.177062,0.179715,0.181668,0.185126,0.179642,0.176183,0.179715,-0.031374,-0.084399
2023-03-22,0.184207,0.184466,0.187497,0.181743,0.191369,0.186335,0.184466,-0.042588,-0.07345
2023-03-23,0.188594,0.190715,0.190127,0.191738,0.197488,0.186707,0.190715,-0.045161,-0.078307
2023-03-24,0.194469,0.201529,0.196693,0.199411,0.197774,0.19681,0.201529,-0.035901,-0.06817
2023-03-27,0.19182,0.188333,0.1861,0.186336,0.193392,0.193804,0.188333,-0.038189,-0.067623
2023-03-28,0.186821,0.183887,0.183166,0.184795,0.179576,0.180805,0.183887,-0.042349,-0.060638
2023-03-29,0.161767,0.161209,0.157327,0.162625,0.165515,0.163438,0.161209,-0.035605,-0.074335
2023-03-30,0.149019,0.149261,0.149514,0.149411,0.153454,0.153751,0.149261,-0.046547,-0.089727
2023-03-31,0.150964,0.152681,0.152217,0.147067,0.149128,0.154121,0.152681,-0.048397,-0.078871
2023-04-03,0.141562,0.147664,0.146372,0.148091,0.148568,0.143585,0.147664,-0.033748,-0.065535
2023-04-04,0.151625,0.151913,0.156768,0.154212,0.157144,0.155248,0.151913,-0.032548,-0.075935
2023-04-05,0.147858,0.150252,0.151327,0.148869,0.155436,0.152539,0.150252,-0.034493,-0.089021
2023-04-06,0.153316,0.160168,0.157642,0.164166,0.162243,0.156537,0.160168,-0.041718,-0.06245
2023-04-07,0.145232,0.143645,0.141552,0.147522,0.147407,0.146173,0.143645,-0.040928,-0.088517
2023-04-10,0.137768,0.141676,0.134963,0.130726,0.142819,0.143158,0.141676,-0.033131,-0.074935
2023-04-11,0.138438,0.134223,0.134564,0.133829,0.139742,0.131338,0.134223,-0.035523,-0.08795
2023-04-12,0.122665,0.126712,0.124013,0.125093,0.121079,0.125825,0.126712,-0.044332,-0.08329
2023-04-13,0.138598,0.139134,0.141474,0.138625,0.138467,0.134657,0.139134,-0.040197,-0.078772
2023-04-14,0.142347,0.141825,0.147208,0.142126,0.150226,0.144521,0.141825,-0.046971,-0.065185
2023-04-17,0.147868,0.150129,0.155043,0.150082,0.152233,0.15329,0.150129,-0.041138,-0.082288
2023-04-18,0.160069,0.159732,0.158207,0.16119,0.155955,0.164387,0.159732,-0.03082,-0.070702
2023-04-19,0.168454,0.164138,0.174206,0.165702,0.165633,0.167114,0.164138,-0.045559,-0.088989
2023-04-20,0.163481,0.162016,0.161307,0.158865,0.162566,0.16171,0.162016,-0.039954,-0.079669
2023-04-21,0.149888,0.152514,0.151191,0.152985,0.153025,0.153635,0.152514,-0.045722,-0.085012
2023-04-24,0.1409,0.140391,0.141219,0.14388,0.138887,0.142383,0.140391,-0.043087,-0.07658
2023-04-25,0.145108,0.139694,0.15022,0.150233,0.137139,0.14691,0.139694,-0.031325,-0.087035
2023-04-26,0.150288,0.14296,0.151315,0.155188,0.152391,0.157732,0.14296,-0.048231,-0.070872
2023-04-27,0.138298,0.135583,0.141743,0.145565,0.141556,0.142254,0.135583,-0.030384,-0.063714
2023-04-28,0.150753,0.151369,0.150631,0.147707,0.147195,0.146429,0.151369,-0.034447,-0.083916
2023-05-01,0.150927,0.153735,0.156535,0.154025,0.158131,0.162428,0.153735,-0.034684,-0.07692
2023-05-02,0.151336,0.157695,0.151429,0.15384,0.153604,0.15533,0.157695,-0.043046,-0.078584
2023-05-03,0.141719,0.136952,0.144291,0.145143,0.145781,0.141773,0.136952,-0.035396,-0.080695
2023-05-04,0.132692,0.12587,0.130732,0.136601,0.131789,0.137981,0.12587,-0.049088,-0.070196
2023-05-05,0.124933,0.134835,0.12458,0.128315,0.131166,0.13236,0.134835,-0.044421,-0.062124
2023-05-08,0.135918,0.139087,0.136444,0.135015,0.136938,0.135284,0.139087,-0.037535,-0.088567
2023-05-09,0.141132,0.145758,0.138162,0.138918,0.148786,0.145013,0.145758,-0.045842,-0.065945
2023-05-10,0.151439,0.158579,0.155243,0.157505,0.156001,0.159802,0.158579,-0.043369,-0.070946
2023-05-11,0.153047,0.15827,0.157729,0.156323,0.161003,0.155955,0.15827,-0.046797,-0.072579
2023-05-12,0.166424,0.169548,0.164615,0.164588,0.167251,0.176077,0.169548,-0.038933,-0.064914
2023-05-15,0.156602,0.159174,0.159186,0.161112,0.165387,0.158573,0.159174,-0.037453,-0.082467
2023-05-16,0.159208,0.156949,0.161014,0.155571,0.157398,0.160285,0.156949,-0.04436,-0.070922
2023-05-17,0.157988,0.157689,0.156733,0.157275,0.155652,0.157198,0.157689,-0.030337,-0.062225
2023-05-18,0.160899,0.166371,0.16323,0.167317,0.165701,0.169774,0.166371,-0.030356,-0.087069
2023-05-19,0.165419,0.170731,0.16594,0.169294,0.162365,0.166298,0.170731,-0.031656,-0.082004
2023-05-22,0.180245,0.17472,0.175653,0.17127,0.176378,0.178951,0.17472,-0.048327,-0.075274
2023-05-23,0.163809,0.164485,0.167259,0.169684,0.166422,0.169829,0.164485,-0.049685,-0.060957
2023-05-24,0.157934,0.155166,0.162928,0.16013,0.162844,0.160813,0.155166,-0.033174,-0.076852
2023-05-25,0.153387,0.158286,0.153173,0.153834,0.15486,0.157739,0.158286,-0.036374,-0.06134
2023-05-26,0.123927,0.130214,0.132462,0.127294,0.133603,0.135688,0.130214,-0.038057,-0.082699
2023-05-29,0.129738,0.131359,0.134956,0.131697,0.131683,0.136459,0.131359,-0.039421,-0.067074
2023-05-30,0.131534,0.139572,0.136309,0.134403,0.140093,0.139408,0.139572,-0.037021,-0.064386
2023-05-31,0.131412,0.125606,0.13324,0.131374,0.134227,0.126694,0.125606,-0.047428,-0.076624
2023-06-01,0.134447,0.13672,0.139678,0.137948,0.143628,0.13886,0.13672,-0.039378,-0.071981
2023-06-02,0.148496,0.144592,0.147377,0.150926,0.146105,0.155968,0.144592,-0.041876,-0.061457
2023-06-05,0.146645,0.152872,0.15064,0.142856,0.147745,0.152212,0.152872,-0.046021,-0.065195
2023-06-06,0.138189,0.144232,0.1468,0.148923,0.145768,0.150477,0.144232,-0.049227,-0.064064
2023-06-07,0.143732,0.139503,0.148594,0.145881,0.14218,0.147668,0.139503,-0.039348,-0.061418
2023-06-08,0.141191,0.145202,0.140157,0.147675,0.153052,0.146633,0.145202,-0.042436,-0.061856
2023-06-09,0.157137,0.158442,0.158093,0.163037,0.15821,0.157896,0.158442,-0.038081,-0.079836
2023-06-12,0.150148,0.150883,0.150054,0.154427,0.147967,0.153385,0.150883,-0.047067,-0.071479
2023-06-13,0.137319,0.143111,0.146291,0.145087,0.141657,0.152281,0.143111,-0.038595,-0.083065
2023-06-14,0.146069,0.138067,0.134977,0.139346,0.140619,0.136276,0.138067,-0.046479,-0.087811
2023-06-15,0.138388,0.141759,0.140539,0.140594,0.146335,0.145798,0.141759,-0.030377,-0.079911
2023-06-16,0.140964,0.141243,0.142511,0.14326,0.144573,0.146573,0.141243,-0.037449,-0.061026
2023-06-19,0.138249,0.139232,0.144021,0.139837,0.142038,0.139988,0.139232,-0.047394,-0.086438
2023-06-20,0.129352,0.132038,0.129955,0.135671,0.124246,0.129214,0.132038,-0.043937,-0.073921
2023-06-21,0.116379,0.118884,0.118773,0.119881,0.123416,0.124984,0.118884,-0.04996,-0.081688
2023-06-22,0.117361,0.114307,0.124432,0.118894,0.120757,0.120415,0.114307,-0.040458,-0.063253
2023-06-23,0.131058,0.128615,0.122196,0.126764,0.130993,0.131403,0.128615,-0.033798,-0.08738
2023-06-26,0.12959,0.131233,0.133301,0.13445,0.131567,0.133191,0.131233,-0.038167,-0.08663
2023-06-27,0.143333,0.147194,0.142942,0.147266,0.149612,0.14642,0.147194,-0.030121,-0.070892
2023-06-28,0.142457,0.142603,0.148078,0.144585,0.145003,0.1496,0.142603,-0.030113,-0.073076
2023-06-29,0.148653,0.151747,0.150467,0.155091,0.152337,0.147846,0.151747,-0.038865,-0.066769
2023-06-30,0.150354,0.151979,0.150813,0.148772,0.147292,0.150999,0.151979,-0.033242,-0.084043
2023-07-03,0.132063,0.135927,0.133747,0.138836,0.133137,0.135762,0.135927,-0.039259,-0.0773
2023-07-04,0.137217,0.138786,0.144529,0.14816,0.146461,0.146618,0.138786,-0.049368,-0.068034
2023-07-05,0.149294,0.149311,0.15002,0.151623,0.14249,0.144127,0.149311,-0.049339,-0.07174
2023-07-06,0.16058,0.158263,0.16737,0.162031,0.163489,0.165952,0.158263,-0.039449,-0.063942
2023-07-07,0.167493,0.16357,0.167339,0.163803,0.166401,0.170226,0.16357,-0.040738,-0.084877
2023-07-10,0.167465,0.170584,0.164319,0.17102,0.165834,0.1666,0.170584,-0.045724,-0.082407
2023-07-11,0.169294,0.173243,0.173168,0.172271,0.169721,0.16877,0.173243,-0.049471,-0.069894
2023-07-12,0.157587,0.156889,0.163659,0.162794,0.161112,0.159902,0.156889,-0.036875,-0.072762
2023-07-13,0.167903,0.16552,0.16568,0.175153,0.164021,0.170178,0.16552,-0.043443,-0.064753
2023-07-14,0.161439,0.169092,0.16469,0.170941,0.170117,0.163483,0.169092,-0.036616,-0.063232
2023-07-17,0.150751,0.158175,0.159724,0.153264,0.158675,0.155608,0.158175,-0.037833,-0.0651
2023-07-18,0.142064,0.134783,0.140263,0.139838,0.144693,0.145037,0.134783,-0.049447,-0.087704
2023-07-19,0.136931,0.134643,0.138493,0.136942,0.137074,0.132567,0.134643,-0.039192,-0.087631
2023-07-20,0.139526,0.146473,0.144044,0.140218,0.149721,0.14589,0.146473,-0.038337,-0.080044
2023-07-21,0.145397,0.145867,0.145069,0.140502,0.144359,0.147728,0.145867,-0.044908,-0.082718
2023-07-24,0.139654,0.140718,0.143451,0.13676,0.141536,0.142922,0.140718,-0.034068,-0.075277
2023-07-25,0.147146,0.147289,0.149457,0.15107,0.151075,0.153339,0.147289,-0.048471,-0.076055
2023-07-26,0.145211,0.149661,0.15534,0.14863,0.153826,0.150229,0.149661,-0.03075,-0.063445
2023-07-27,0.156618,0.156678,0.150367,0.149686,0.148295,0.15423,0.156678,-0.045475,-0.087895
2023-07-28,0.142123,0.138959,0.145678,0.147464,0.142357,0.142062,0.138959,-0.040455,-0.087013
2023-07-31,0.137869,0.139235,0.138983,0.136541,0.138221,0.141751,0.139235,-0.043516,-0.065409
2023-08-01,0.143748,0.147198,0.143156,0.141493,0.144015,0.151264,0.147198,-0.039428,-0.076845
2023-08-02,0.137916,0.142417,0.144844,0.142017,0.141762,0.145442,0.142417,-0.031357,-0.081419
2023-08-03,0.143873,0.148086,0.145315,0.146987,0.14739,0.151231,0.148086,-0.036518,-0.080512
2023-08-04,0.14762,0.149207,0.150605,0.156484,0.154194,0.15738,0.149207,-0.041907,-0.072119
2023-08-07,0.164317,0.161414,0.169861,0.163095,0.162819,0.167632,0.161414,-0.036585,-0.061871
2023-08-08,0.160282,0.163914,0.157837,0.154757,0.161735,0.15932,0.163914,-0.045602,-0.078429
2023-08-09,0.158029,0.156547,0.154204,0.159404,0.159637,0.159223,0.156547,-0.035463,-0.08798
2023-08-10,0.155416,0.159138,0.153584,0.157776,0.16226,0.158631,0.159138,-0.043098,-0.082971
2023-08-11,0.160892,0.16852,0.157348,0.157664,0.160975,0.157304,0.16852,-0.038214,-0.066833
2023-08-14,0.161243,0.155616,0.159884,0.158628,0.161079,0.163945,0.155616,-0.043416,-0.076371
2023-08-15,0.159916,0.157975,0.158926,0.157055,0.160076,0.15891,0.157975,-0.032397,-0.07131
2023-08-16,0.164243,0.153437,0.158634,0.153245,0.163597,0.164837,0.153437,-0.049698,-0.080999
2023-08-17,0.167007,0.165814,0.163985,0.167984,0.171018,0.169821,0.165814,-0.040246,-0.085897
2023-08-18,0.165717,0.167367,0.17282,0.164368,0.166368,0.169964,0.167367,-0.049686,-0.076277
2023-08-21,0.173482,0.171788,0.167491,0.1692,0.16916,0.173121,0.171788,-0.044474,-0.061071
2023-08-22,0.164254,0.170136,0.165211,0.166587,0.170413,0.170841,0.170136,-0.049101,-0.071255
2023-08-23,0.161447,0.16623,0.163466,0.159185,0.160286,0.16285,0.16623,-0.034178,-0.083096
2023-08-24,0.151772,0.155455,0.160413,0.156415,0.150691,0.165243,0.155455,-0.038067,-0.061983
2023-08-25,0.162573,0.16236,0.164765,0.162695,0.164664,0.160604,0.16236,-0.042143,-0.079793
2023-08-28,0.154162,0.153225,0.158705,0.158806,0.160184,0.162222,0.153225,-0.03287,-0.066592
2023-08-29,0.156456,0.15669,0.152,0.161063,0.153317,0.159143,0.15669,-0.037069,-0.073616
2023-08-30,0.168822,0.172374,0.173818,0.168655,0.168946,0.167189,0.172374,-0.03881,-0.066251
2023-08-31,0.169795,0.166558,0.170036,0.170612,0.172193,0.165462,0.166558,-0.045994,-0.080056
2023-09-01,0.175222,0.174168,0.169536,0.172662,0.171303,0.173431,0.174168,-0.049425,-0.072283
2023-09-04,0.187467,0.183271,0.189928,0.194115,0.187107,0.189526,0.183271,-0.043669,-0.066924
2023-09-05,0.187397,0.194864,0.196482,0.189797,0.187168,0.191925,0.194864,-0.047099,-0.086658
2023-09-06,0.198731,0.19584,0.199701,0.197583,0.20275,0.200647,0.19584,-0.033394,-0.086032
2023-09-07,0.192907,0.193358,0.199257,0.198354,0.192339,0.195651,0.193358,-0.042186,-0.063709
2023-09-08,0.181452,0.185982,0.18615,0.18506,0.182409,0.18692,0.185982,-0.033325,-0.070006
2023-09-11,0.17992,0.17793,0.182013,0.177063,0.177224,0.179494,0.17793,-0.046857,-0.072465
2023-09-12,0.173396,0.174054,0.172374,0.174168,0.174152,0.168565,0.174054,-0.031438,-0.062717
2023-09-13,0.173608,0.176455,0.173872,0.175887,0.176608,0.172477,0.176455,-0.038448,-0.078275
2023-09-14,0.180903,0.182308,0.182118,0.179585,0.175028,0.17971,0.182308,-0.049286,-0.066597
2023-09-15,0.176765,0.180814,0.176932,0.18078,0.1844,0.17579,0.180814,-0.046092,-0.06768
2023-09-18,0.174313,0.180539,0.172288,0.171231,0.170569,0.165586,0.180539,-0.047564,-0.086915
2023-09-19,0.15708,0.147496,0.153829,0.15494,0.150904,0.158723,0.147496,-0.040457,-0.06508
2023-09-20,0.153846,0.154025,0.150511,0.157676,0.159031,0.15808,0.154025,-0.039384,-0.068505
2023-09-21,0.144902,0.148897,0.154218,0.152211,0.148568,0.146673,0.148897,-0.035865,-0.068657
2023-09-22,0.152335,0.152717,0.152539,0.15367,0.151799,0.155804,0.152717,-0.045997,-0.061021
2023-09-25,0.165507,0.169453,0.164933,0.16593,0.171368,0.162021,0.169453,-0.044573,-0.066012
2023-09-26,0.16989,0.176551,0.173842,0.173296,0.173592,0.168215,0.176551,-0.032872,-0.063421
2023-09-27,0.180715,0.184219,0.181157,0.186052,0.186929,0.181326,0.184219,-0.040085,-0.066525
2023-09-28,0.206482,0.202368,0.206493,0.210797,0.200435,0.202878,0.202368,-0.030431,-0.064843
2023-09-29,0.193586,0.194096,0.197747,0.191931,0.189385,0.191992,0.194096,-0.049762,-0.072431
2023-10-02,0.195609,0.19363,0.192469,0.191687,0.195451,0.191019,0.19363,-0.030732,-0.074705
2023-10-03,0.182062,0.182084,0.183004,0.180946,0.178626,0.183517,0.182084,-0.049201,-0.089056
2023-10-04,0.168848,0.167076,0.168069,0.169107,0.167206,0.165986,0.167076,-0.046347,-0.060423
2023-10-05,0.1674,0.171031,0.170628,0.164503,0.166107,0.176586,0.171031,-0.045047,-0.062976
2023-10-06,0.150997,0.150279,0.151517,0.152409,0.15302,0.144614,0.150279,-0.046162,-0.074015
2023-10-09,0.127906,0.132042,0.128767,0.141104,0.134876,0.135496,0.132042,-0.046431,-0.070039
2023-10-10,0.125383,0.123984,0.1255,0.125162,0.129594,0.126091,0.123984,-0.04481,-0.067562
2023-10-11,0.122604,0.119205,0.118988,0.12082,0.116484,0.121179,0.119205,-0.034313,-0.069765
2023-10-12,0.102978,0.10868,0.103466,0.115579,0.106534,0.107061,0.10868,-0.047174,-0.070474
2023-10-13,0.110438,0.12008,0.110956,0.107291,0.114179,0.112976,0.12008,-0.046831,-0.077122
2023-10-16,0.114453,0.114575,0.115307,0.110246,0.114119,0.119076,0.114575,-0.036646,-0.065475
2023-10-17,0.107172,0.11461,0.110113,0.115718,0.116654,0.115406,0.11461,-0.043051,-0.089573
2023-10-18,0.124828,0.136728,0.128513,0.125636,0.132992,0.131236,0.136728,-0.040116,-0.060192
2023-10-19,0.1277,0.126587,0.133199,0.1373,0.133249,0.135741,0.126587,-0.048514,-0.072745
2023-10-20,0.11379,0.116221,0.121411,0.120785,0.120941,0.117246,0.116221,-0.049227,-0.078785
2023-10-23,0.120001,0.124449,0.125244,0.123358,0.12648,0.131165,0.124449,-0.040605,-0.079319
2023-10-24,0.125308,0.126719,0.128249,0.129179,0.127987,0.131548,0.126719,-0.042823,-0.062605
2023-10-25,0.131026,0.140171,0.140227,0.137384,0.139054,0.139986,0.140171,-0.04369,-0.061506
2023-10-26,0.12507,0.125678,0.125465,0.129788,0.134305,0.129961,0.125678,-0.049154,-0.077381
2023-10-27,0.121935,0.118169,0.122525,0.128002,0.125187,0.129915,0.118169,-0.041836,-0.072226
2023-10-30,0.107018,0.109173,0.114255,0.114678,0.109599,0.11693,0.109173,-0.037605,-0.072909
2023-10-31,0.093185,0.094109,0.097653,0.09405,0.099345,0.091258,0.094109,-0.033025,-0.087725
2023-11-01,0.070458,0.077658,0.079033,0.078821,0.077605,0.073163,0.077658,-0.043545,-0.072586
2023-11-02,0.075182,0.078099,0.086108,0.085263,0.081848,0.087171,0.078099,-0.048264,-0.075085
2023-11-03,0.06683,0.072442,0.072971,0.068858,0.075829,0.082509,0.072442,-0.03938,-0.065206
2023-11-06,0.092575,0.091047,0.095871,0.100802,0.097126,0.097545,0.091047,-0.047569,-0.063495
2023-11-07,0.100286,0.102971,0.100486,0.101688,0.106742,0.111899,0.102971,-0.036778,-0.084116
2023-11-08,0.106744,0.1128,0.110324,0.11648,0.112162,0.108205,0.1128,-0.04241,-0.061143
2023-11-09,0.1145,0.118382,0.112755,0.117204,0.116283,0.117201,0.118382,-0.034029,-0.080832
2023-11-10,0.109797,0.111125,0.110304,0.11139,0.11226,0.115671,0.111125,-0.044184,-0.067727
2023-11-13,0.092984,0.09817,0.099678,0.096456,0.098047,0.102136,0.09817,-0.039227,-0.089642
2023-11-14,0.104968,0.106429,0.103033,0.104253,0.108533,0.108044,0.106429,-0.037338,-0.080561
2023-11-15,0.098122,0.095025,0.099586,0.094721,0.099706,0.104932,0.095025,-0.048711,-0.071514
2023-11-16,0.08673,0.093448,0.100086,0.09078,0.094707,0.098989,0.093448,-0.031429,-0.087506
2023-11-17,0.09378,0.091178,0.095472,0.094863,0.094009,0.097656,0.091178,-0.031933,-0.089654
2023-11-20,0.1004,0.107858,0.099317,0.100275,0.105687,0.101297,0.107858,-0.031354,-0.073335
2023-11-21,0.095539,0.099677,0.105768,0.103334,0.098426,0.101968,0.099677,-0.043934,-0.063906
2023-11-22,0.108109,0.115528,0.116506,0.121008,0.117732,0.119837,0.115528,-0.037272,-0.081335
2023-11-23,0.119112,0.120463,0.121708,0.121922,0.121961,0.126869,0.120463,-0.044054,-0.085025
2023-11-24,0.123895,0.126464,0.122358,0.124905,0.135919,0.127238,0.126464,-0.030091,-0.06158
2023-11-27,0.127357,0.131846,0.135484,0.128106,0.128582,0.133404,0.131846,-0.034397,-0.062698
2023-11-28,0.126626,0.125185,0.126515,0.126426,0.128329,0.130652,0.125185,-0.036071,-0.074839
2023-11-29,0.113101,0.125695,0.121585,0.120801,0.123084,0.127579,0.125695,-0.045421,-0.064501
2023-11-30,0.134877,0.134249,0.140784,0.139789,0.139024,0.142087,0.134249,-0.0499,-0.088326
2023-12-01,0.137522,0.136911,0.135911,0.136933,0.139225,0.141805,0.136911,-0.042562,-0.063
2023-12-04,0.132511,0.127563,0.128774,0.137233,0.132707,0.131737,0.127563,-0.041585,-0.073912
2023-12-05,0.138104,0.137725,0.137124,0.133882,0.139549,0.135604,0.137725,-0.036807,-0.068172
2023-12-06,0.132984,0.130845,0.130368,0.133957,0.137103,0.134852,0.130845,-0.036997,-0.083492
2023-12-07,0.144185,0.145082,0.145106,0.14178,0.144004,0.146218,0.145082,-0.033443,-0.060667
2023-12-08,0.14914,0.155831,0.150811,0.147831,0.151209,0.143141,0.155831,-0.030107,-0.08293
2023-12-11,0.135996,0.137175,0.144543,0.141781,0.141526,0.145446,0.137175,-0.038794,-0.067464
2023-12-12,0.128956,0.135733,0.138451,0.144621,0.140251,0.13866,0.135733,-0.046515,-0.080899
2023-12-13,0.159454,0.153836,0.15557,0.157681,0.156661,0.154717,0.153836,-0.03641,-0.085807
2023-12-14,0.153404,0.154827,0.150477,0.155732,0.153848,0.152949,0.154827,-0.048209,-0.066366
2023-12-15,0.162848,0.155433,0.163298,0.162429,0.160846,0.162197,0.155433,-0.033678,-0.064951
2023-12-18,0.172834,0.17382,0.171665,0.179252,0.167611,0.173969,0.17382,-0.039939,-0.079535
2023-12-19,0.172257,0.176851,0.173503,0.18145,0.180586,0.17357,0.176851,-0.031745,-0.077141
2023-12-20,0.152202,0.149501,0.151774,0.153921,0.156867,0.150906,0.149501,-0.037733,-0.085097
2023-12-21,0.160272,0.159935,0.15978,0.159952,0.157573,0.161132,0.159935,-0.048315,-0.067312
2023-12-22,0.146499,0.15244,0.148069,0.151725,0.14831,0.148908,0.15244,-0.039108,-0.076854
2023-12-25,0.166256,0.165986,0.168273,0.163822,0.167066,0.165227,0.165986,-0.034308,-0.077505
2023-12-26,0.164209,0.16359,0.164669,0.163021,0.165224,0.158077,0.16359,-0.032884,-0.08533
2023-12-27,0.155521,0.165708,0.16409,0.158369,0.165983,0.164183,0.165708,-0.030145,-0.064489
2023-12-28,0.161387,0.163457,0.17172,0.164766,0.163151,0.167082,0.163457,-0.04081,-0.067071
2023-12-29,0.160106,0.158314,0.167474,0.163767,0.159409,0.162695,0.158314,-0.046845,-0.066122
2024-01-01,0.162774,0.16414,0.16031,0.165127,0.160067,0.165172,0.16414,-0.032144,-0.06035
2024-01-02,0.183338,0.179575,0.182664,0.178486,0.173913,0.181874,0.179575,-0.036856,-0.068266
2024-01-03,0.1619,0.16412,0.166083,0.169298,0.167777,0.167161,0.16412,-0.041927,-0.068882
2024-01-04,0.153337,0.160903,0.16228,0.167025,0.153208,0.161271,0.160903,-0.041774,-0.075744
2024-01-05,0.164787,0.17421,0.171597,0.168241,0.168169,0.161016,0.17421,-0.047518,-0.073927
2024-01-08,0.17634,0.172187,0.171153,0.177907,0.172553,0.17533,0.172187,-0.038479,-0.07782
2024-01-09,0.177938,0.178717,0.180707,0.181565,0.175203,0.178445,0.178717,-0.044284,-0.067179
2024-01-10,0.177138,0.165338,0.175336,0.173959,0.177191,0.17645,0.165338,-0.045104,-0.075956
2024-01-11,0.177974,0.176588,0.174749,0.18009,0.186315,0.18179,0.176588,-0.035247,-0.085344
2024-01-12,0.190421,0.191338,0.185213,0.183446,0.182142,0.181897,0.191338,-0.038656,-0.070963
2024-01-15,0.172905,0.176836,0.172134,0.171261,0.171357,0.172205,0.176836,-0.039937,-0.080356
2024-01-16,0.1615,0.16439,0.157661,0.167104,0.157568,0.163059,0.16439,-0.041286,-0.064335
2024-01-17,0.154796,0.152657,0.152784,0.155072,0.153874,0.154861,0.152657,-0.032902,-0.080359
2024-01-18,0.141152,0.138379,0.141931,0.140513,0.144023,0.145757,0.138379,-0.043213,-0.079415
2024-01-19,0.14283,0.140702,0.147944,0.146913,0.141767,0.144063,0.140702,-0.045628,-0.083652
2024-01-22,0.133877,0.131784,0.138873,0.137602,0.135881,0.136252,0.131784,-0.044877,-0.081107
2024-01-23,0.138708,0.144334,0.143101,0.141216,0.14399,0.141689,0.144334,-0.046838,-0.070991
2024-01-24,0.156361,0.150685,0.156651,0.154184,0.156184,0.155019,0.150685,-0.049779,-0.064296
2024-01-25,0.149231,0.153587,0.154735,0.152507,0.150302,0.146445,0.153587,-0.041032,-0.061259
2024-01-26,0.148074,0.151469,0.151851,0.156503,0.151053,0.148159,0.151469,-0.031288,-0.063736
2024-01-29,0.155673,0.161003,0.157118,0.151376,0.154052,0.158454,0.161003,-0.049178,-0.08832
2024-01-30,0.153082,0.151896,0.145102,0.152268,0.151042,0.146888,0.151896,-0.038931,-0.072571
2024-01-31,0.147377,0.149216,0.152352,0.144657,0.149787,0.146866,0.149216,-0.039147,-0.074177
2024-02-01,0.163576,0.161914,0.161249,0.165722,0.167109,0.166686,0.161914,-0.03751,-0.070151
2024-02-02,0.165687,0.169479,0.166568,0.163136,0.168516,0.166184,0.169479,-0.036178,-0.082395
2024-02-05,0.165974,0.166431,0.168786,0.161798,0.162275,0.16743,0.166431,-0.039818,-0.070528
2024-02-06,0.15993,0.163224,0.167807,0.160429,0.161428,0.161774,0.163224,-0.046448,-0.0744
2024-02-07,0.163892,0.159307,0.163263,0.164059,0.162618,0.158946,0.159307,-0.047275,-0.060817
2024-02-08,0.151314,0.145186,0.143466,0.152567,0.145287,0.151024,0.145186,-0.031326,-0.074572
2024-02-09,0.140109,0.146705,0.152483,0.145797,0.150525,0.151368,0.146705,-0.048623,-0.061852
2024-02-12,0.134837,0.135505,0.13945,0.138457,0.140125,0.137825,0.135505,-0.034194,-0.080944
2024-02-13,0.123682,0.126792,0.119612,0.127303,0.119454,0.125573,0.126792,-0.032698,-0.087142
2024-02-14,0.105584,0.112967,0.115683,0.111727,0.116188,0.119827,0.112967,-0.031648,-0.066061
2024-02-15,0.118526,0.119587,0.117957,0.111512,0.124407,0.118517,0.119587,-0.034855,-0.082617
2024-02-16,0.128398,0.126651,0.128066,0.129442,0.130201,0.129275,0.126651,-0.048675,-0.073933
2024-02-19,0.125744,0.12822,0.134041,0.12186,0.130741,0.133307,0.12822,-0.048039,-0.062982
2024-02-20,0.132664,0.136621,0.135321,0.138546,0.13658,0.135157,0.136621,-0.04663,-0.088949
2024-02-21,0.146334,0.14981,0.14709,0.149508,0.147272,0.149448,0.14981,-0.047627,-0.071027
2024-02-22,0.158943,0.160537,0.154537,0.155129,0.15613,0.15349,0.160537,-0.031537,-0.06601
2024-02-23,0.14879,0.151664,0.157352,0.15412,0.153354,0.154976,0.151664,-0.033814,-0.078415
2024-02-26,0.143838,0.150888,0.151239,0.145891,0.154065,0.151097,0.150888,-0.031374,-0.078926
2024-02-27,0.131339,0.138074,0.135374,0.135037,0.135429,0.138983,0.138074,-0.030214,-0.080655
2024-02-28,0.130633,0.136313,0.137769,0.139835,0.138992,0.141194,0.136313,-0.037296,-0.076805
2024-02-29,0.131413,0.132533,0.132854,0.135982,0.136573,0.140884,0.132533,-0.045811,-0.083457
2024-03-01,0.123164,0.132058,0.128425,0.130016,0.138224,0.130288,0.132058,-0.030866,-0.07181
2024-03-04,0.135559,0.135796,0.137699,0.131489,0.137032,0.13696,0.135796,-0.035686,-0.070579
2024-03-05,0.137803,0.139336,0.141441,0.142424,0.136809,0.135881,0.139336,-0.036528,-0.070733
2024-03-06,0.125264,0.127419,0.126367,0.127858,0.124219,0.126163,0.127419,-0.036869,-0.072217
2024-03-07,0.118672,0.121325,0.1178,0.125679,0.124369,0.129953,0.121325,-0.04576,-0.062417
2024-03-08,0.116619,0.117083,0.120178,0.112928,0.120979,0.118573,0.117083,-0.031915,-0.07467
2024-03-11,0.117008,0.117123,0.115891,0.111235,0.118428,0.121153,0.117123,-0.038629,-0.060852
2024-03-12,0.110889,0.118915,0.116635,0.115853,0.114537,0.124446,0.118915,-0.04556,-0.073356
2024-03-13,0.118464,0.11641,0.120043,0.118628,0.116842,0.118102,0.11641,-0.030322,-0.066516
2024-03-14,0.126845,0.129692,0.132833,0.133681,0.127519,0.139945,0.129692,-0.048793,-0.061162
2024-03-15,0.129258,0.133574,0.127968,0.129848,0.129644,0.12783,0.133574,-0.041102,-0.06035
2024-03-18,0.120955,0.125841,0.127074,0.126254,0.129937,0.125338,0.125841,-0.048854,-0.074754
2024-03-19,0.130797,0.125717,0.124921,0.128768,0.127167,0.127739,0.125717,-0.035039,-0.061542
2024-03-20,0.124987,0.132075,0.129228,0.132747,0.129112,0.128988,0.132075,-0.040202,-0.073768
2024-03-21,0.137614,0.142952,0.143293,0.139733,0.14126,0.143781,0.142952,-0.036632,-0.077965
2024-03-22,0.139909,0.147197,0.149587,0.145958,0.141425,0.146861,0.147197,-0.04336,-0.077676
2024-03-25,0.130453,0.129985,0.13135,0.125906,0.127822,0.129575,0.129985,-0.039875,-0.08255
2024-03-26,0.113582,0.116433,0.115442,0.120389,0.115074,0.118753,0.116433,-0.035983,-0.078899
2024-03-27,0.119574,0.123673,0.120426,0.12412,0.126377,0.121857,0.123673,-0.049765,-0.066505
2024-03-28,0.101173,0.106266,0.09953,0.099768,0.103047,0.108664,0.106266,-0.039569,-0.078137
2024-03-29,0.108324,0.110552,0.108193,0.111542,0.116533,0.114472,0.110552,-0.032443,-0.084986
2024-04-01,0.120816,0.120459,0.122599,0.119001,0.126693,0.129228,0.120459,-0.037315,-0.062669
2024-04-02,0.131261,0.128827,0.135075,0.130001,0.141418,0.140949,0.128827,-0.048258,-0.061407
2024-04-03,0.129977,0.126632,0.125765,0.123066,0.127084,0.135102,0.126632,-0.037358,-0.08062
2024-04-04,0.140156,0.136906,0.140062,0.140676,0.142184,0.140476,0.136906,-0.030862,-0.069832
2024-04-05,0.114248,0.119635,0.120055,0.122523,0.117716,0.123543,0.119635,-0.032116,-0.076356
2024-04-08,0.119117,0.123456,0.128721,0.118334,0.129934,0.130474,0.123456,-0.035629,-0.073248
2024-04-09,0.120319,0.115446,0.12602,0.128018,0.120885,0.122358,0.115446,-0.04868,-0.085751
2024-04-10,0.130354,0.136027,0.134312,0.13683,0.139881,0.133433,0.136027,-0.040473,-0.070232
2024-04-11,0.154598,0.151994,0.153334,0.157242,0.148878,0.154833,0.151994,-0.04172,-0.071806
2024-04-12,0.158191,0.162882,0.163168,0.168282,0.166069,0.161447,0.162882,-0.043382,-0.077651
2024-04-15,0.161747,0.163823,0.161975,0.166241,0.167064,0.170768,0.163823,-0.047047,-0.087271
2024-04-16,0.168714,0.16741,0.163979,0.171581,0.172311,0.164771,0.16741,-0.038718,-0.069356
2024-04-17,0.163458,0.170718,0.170998,0.168671,0.171644,0.172148,0.170718,-0.037274,-0.088393
2024-04-18,0.169699,0.175147,0.166519,0.169355,0.168599,0.169289,0.175147,-0.032311,-0.087383
2024-04-19,0.159791,0.159983,0.159121,0.158881,0.163136,0.159099,0.159983,-0.03325,-0.087772
2024-04-22,0.145502,0.14806,0.145249,0.147437,0.143357,0.146159,0.14806,-0.030683,-0.074708
2024-04-23,0.155385,0.155913,0.157195,0.152678,0.154618,0.154572,0.155913,-0.049646,-0.067151
2024-04-24,0.158497,0.161539,0.159348,0.155141,0.161754,0.157566,0.161539,-0.039755,-0.073909
2024-04-25,0.157738,0.161797,0.155467,0.160775,0.15666,0.15919,0.161797,-0.044859,-0.06091
2024-04-26,0.153881,0.155871,0.156074,0.150921,0.157838,0.153033,0.155871,-0.031167,-0.060139
2024-04-29,0.169145,0.162168,0.166848,0.163514,0.171433,0.160545,0.162168,-0.034881,-0.081399
2024-04-30,0.148021,0.150685,0.145841,0.143992,0.149054,0.154552,0.150685,-0.034436,-0.08527
2024-05-01,0.13781,0.135463,0.13695,0.132926,0.138591,0.139262,0.135463,-0.035964,-0.076205
2024-05-02,0.110058,0.114298,0.109478,0.112445,0.116901,0.11017,0.114298,-0.036948,-0.086125
2024-05-03,0.121315,0.122645,0.118932,0.123106,0.127234,0.128139,0.122645,-0.044864,-0.061534
2024-05-06,0.124117,0.126364,0.122524,0.123172,0.127374,0.130584,0.126364,-0.030817,-0.062811
2024-05-07,0.121781,0.126837,0.118105,0.122758,0.127693,0.124823,0.126837,-0.042901,-0.08319
2024-05-08,0.114742,0.115748,0.115542,0.121235,0.122682,0.123462,0.115748,-0.041428,-0.070925
2024-05-09,0.112938,0.116953,0.12387,0.114429,0.116526,0.119778,0.116953,-0.048695,-0.069848
2024-05-10,0.119998,0.121048,0.120807,0.123471,0.123695,0.125063,0.121048,-0.035756,-0.086507
2024-05-13,0.116179,0.11543,0.121939,0.115709,0.121907,0.121275,0.11543,-0.04752,-0.07316
2024-05-14,0.116343,0.119381,0.125146,0.1243,0.117982,0.124678,0.119381,-0.038313,-0.063915
2024-05-15,0.110856,0.108453,0.111703,0.11336,0.110822,0.109945,0.108453,-0.045387,-0.064167
2024-05-16,0.100789,0.110588,0.113199,0.110477,0.105031,0.113791,0.110588,-0.032681,-0.072881
2024-05-17,0.093948,0.101052,0.103979,0.100476,0.107415,0.099104,0.101052,-0.047319,-0.07896
2024-05-20,0.097882,0.095684,0.095881,0.099351,0.100897,0.09786,0.095684,-0.031947,-0.086893
2024-05-21,0.11034,0.107643,0.112953,0.112954,0.116057,0.113009,0.107643,-0.035727,-0.07588
2024-05-22,0.116021,0.119955,0.127301,0.117621,0.121972,0.123596,0.119955,-0.047977,-0.070872
2024-05-23,0.128333,0.129473,0.131336,0.130738,0.133535,0.133551,0.129473,-0.042504,-0.089143
2024-05-24,0.129857,0.123794,0.12493,0.12514,0.122345,0.129335,0.123794,-0.033712,-0.086831
2024-05-27,0.134113,0.134888,0.135418,0.140485,0.148082,0.14256,0.134888,-0.042772,-0.060735
2024-05-28,0.126577,0.127158,0.132377,0.131574,0.132244,0.133541,0.127158,-0.049883,-0.070268
2024-05-29,0.133025,0.130404,0.128971,0.131682,0.131894,0.136597,0.130404,-0.040947,-0.075146
2024-05-30,0.141444,0.146625,0.144259,0.144011,0.145124,0.143647,0.146625,-0.036842,-0.066385
2024-05-31,0.13908,0.146192,0.14514,0.144719,0.145223,0.14351,0.146192,-0.037659,-0.084901
2024-06-03,0.144005,0.14482,0.142508,0.145127,0.142545,0.14692,0.14482,-0.030462,-0.073066
2024-06-04,0.165914,0.163724,0.159729,0.170096,0.168024,0.163828,0.163724,-0.045457,-0.07067
2024-06-05,0.145143,0.145204,0.145939,0.14345,0.151822,0.152518,0.145204,-0.034157,-0.060187
2024-06-06,0.129391,0.137394,0.13898,0.131256,0.131084,0.1323,0.137394,-0.040447,-0.070675
2024-06-07,0.127523,0.123419,0.123773,0.130324,0.124457,0.129984,0.123419,-0.046706,-0.067856
2024-06-10,0.133918,0.139195,0.143868,0.143848,0.1427,0.145298,0.139195,-0.04128,-0.064779
2024-06-11,0.155602,0.149393,0.146516,0.150637,0.151388,0.152679,0.149393,-0.035865,-0.073464
2024-06-12,0.146012,0.152154,0.148475,0.154134,0.154173,0.157591,0.152154,-0.047205,-0.067411
2024-06-13,0.161488,0.156343,0.160619,0.162744,0.164684,0.163352,0.156343,-0.047628,-0.086243
2024-06-14,0.142668,0.151623,0.145838,0.141175,0.145056,0.150432,0.151623,-0.037962,-0.079461
2024-06-17,0.14835,0.151893,0.150913,0.148252,0.150205,0.152716,0.151893,-0.032205,-0.061648
2024-06-18,0.155061,0.154816,0.153239,0.156891,0.152437,0.151659,0.154816,-0.044244,-0.069761
2024-06-19,0.152063,0.153682,0.159832,0.157227,0.158454,0.156047,0.153682,-0.046654,-0.080284
2024-06-20,0.162461,0.159558,0.157774,0.159441,0.16006,0.161846,0.159558,-0.041898,-0.06341
2024-06-21,0.171695,0.166839,0.166198,0.163358,0.17265,0.170117,0.166839,-0.047654,-0.075373
2024-06-24,0.151311,0.146035,0.141493,0.145005,0.148497,0.148305,0.146035,-0.032204,-0.07282
2024-06-25,0.140919,0.141021,0.142588,0.143239,0.141668,0.142344,0.141021,-0.049625,-0.068271
2024-06-26,0.145963,0.145188,0.138795,0.149362,0.146099,0.146378,0.145188,-0.04554,-0.071172
2024-06-27,0.145288,0.145795,0.148405,0.143014,0.145511,0.151466,0.145795,-0.039775,-0.063034
2024-06-28,0.138984,0.153298,0.146572,0.147013,0.149728,0.151707,0.153298,-0.044962,-0.077863
2024-07-01,0.136986,0.140096,0.140164,0.141948,0.143069,0.145605,0.140096,-0.037867,-0.06336
2024-07-02,0.142045,0.138242,0.144971,0.14687,0.150689,0.146809,0.138242,-0.039732,-0.072402
2024-07-03,0.16168,0.161919,0.157736,0.158021,0.155824,0.158679,0.161919,-0.033259,-0.081923
2024-07-04,0.162624,0.162478,0.161725,0.165211,0.161575,0.160724,0.162478,-0.033102,-0.066193
2024-07-05,0.151461,0.154077,0.154137,0.153625,0.152235,0.153832,0.154077,-0.030415,-0.076019
2024-07-08,0.150378,0.154679,0.157435,0.155145,0.158807,0.154949,0.154679,-0.046343,-0.082187
2024-07-09,0.144306,0.145128,0.147287,0.142651,0.142787,0.151427,0.145128,-0.03011,-0.066992
2024-07-10,0.143399,0.142871,0.150514,0.150559,0.145529,0.150336,0.142871,-0.033716,-0.0702
2024-07-11,0.162907,0.162949,0.160363,0.165428,0.165668,0.162133,0.162949,-0.045857,-0.082285
2024-07-12,0.161792,0.168629,0.161417,0.163152,0.165414,0.16185,0.168629,-0.047177,-0.081328
2024-07-15,0.172823,0.176071,0.177726,0.178752,0.175607,0.175551,0.176071,-0.036559,-0.081434
2024-07-16,0.186806,0.180587,0.178932,0.180559,0.184423,0.179351,0.180587,-0.03589,-0.060229
2024-07-17,0.194311,0.192352,0.192014,0.196335,0.193841,0.195774,0.192352,-0.04316,-0.06466
2024-07-18,0.192432,0.194259,0.196851,0.189314,0.188283,0.194124,0.194259,-0.043161,-0.078398
2024-07-19,0.191098,0.190685,0.197859,0.194377,0.194868,0.191912,0.190685,-0.043103,-0.076377
2024-07-22,0.223018,0.221087,0.223507,0.218208,0.219886,0.220204,0.221087,-0.048338,-0.07451
2024-07-23,0.229149,0.230929,0.232171,0.224888,0.221339,0.224746,0.230929,-0.031719,-0.075086
2024-07-24,0.227721,0.223072,0.227939,0.224244,0.220491,0.225383,0.223072,-0.033398,-0.062217
2024-07-25,0.217554,0.218589,0.216784,0.214449,0.213058,0.215683,0.218589,-0.043052,-0.072623
2024-07-26,0.220733,0.213658,0.219211,0.215641,0.224121,0.219434,0.213658,-0.046092,-0.071358
2024-07-29,0.18571,0.18762,0.188847,0.190718,0.188274,0.186605,0.18762,-0.048627,-0.085176
2024-07-30,0.192882,0.194572,0.198879,0.19392,0.196601,0.192585,0.194572,-0.039464,-0.061403
2024-07-31,0.192878,0.191428,0.189437,0.198322,0.188587,0.197327,0.191428,-0.040548,-0.082506
2024-08-01,0.199773,0.195684,0.190075,0.195102,0.196315,0.191687,0.195684,-0.049918,-0.063468
2024-08-02,0.188368,0.188546,0.194337,0.189219,0.196312,0.191151,0.188546,-0.041189,-0.084423
2024-08-05,0.199776,0.198822,0.200369,0.205219,0.202815,0.204865,0.198822,-0.030158,-0.083853
2024-08-06,0.21149,0.210491,0.208301,0.208652,0.210858,0.21464,0.210491,-0.047166,-0.068732
2024-08-07,0.188094,0.195289,0.198505,0.191471,0.193798,0.193165,0.195289,-0.037362,-0.065824
2024-08-08,0.179979,0.180531,0.177452,0.183212,0.181837,0.184095,0.180531,-0.044844,-0.0669
2024-08-09,0.174077,0.17981,0.182138,0.183695,0.180408,0.178533,0.17981,-0.039555,-0.066284
2024-08-12,0.166324,0.160762,0.162386,0.163059,0.167777,0.163322,0.160762,-0.047648,-0.087309
2024-08-13,0.164184,0.163964,0.162246,0.166378,0.161507,0.163511,0.163964,-0.041588,-0.071214
2024-08-14,0.161849,0.169427,0.169132,0.168408,0.166718,0.167205,0.169427,-0.039627,-0.074
2024-08-15,0.175121,0.17594,0.173756,0.172483,0.167444,0.176513,0.17594,-0.036404,-0.079644
2024-08-16,0.173342,0.17313,0.17921,0.174294,0.176401,0.177337,0.17313,-0.036917,-0.085746
2024-08-19,0.160976,0.160082,0.159768,0.158336,0.160751,0.160944,0.160082,-0.045435,-0.08206
2024-08-20,0.157579,0.163693,0.158869,0.154406,0.159022,0.160176,0.163693,-0.033768,-0.084321
2024-08-21,0.159373,0.157582,0.149729,0.15907,0.159687,0.15896,0.157582,-0.039899,-0.062133
2024-08-22,0.152156,0.15268,0.159093,0.148421,0.154453,0.154944,0.15268,-0.04031,-0.08396
2024-08-23,0.176864,0.172829,0.172718,0.174891,0.173959,0.177815,0.172829,-0.040871,-0.061247
2024-08-26,0.183355,0.18343,0.185411,0.179039,0.182488,0.179708,0.18343,-0.031006,-0.084555
2024-08-27,0.166354,0.164245,0.167268,0.164656,0.167423,0.167233,0.164245,-0.031082,-0.060302
2024-08-28,0.159286,0.164195,0.165695,0.162366,0.161514,0.158978,0.164195,-0.043838,-0.06014
2024-08-29,0.164855,0.156211,0.164704,0.164409,0.163701,0.161403,0.156211,-0.041023,-0.070226
2024-08-30,0.139686,0.149972,0.154599,0.1509,0.147723,0.150809,0.149972,-0.0465,-0.08866
2024-09-02,0.151436,0.155759,0.157098,0.155645,0.151372,0.154191,0.155759,-0.046604,-0.066992
2024-09-03,0.155006,0.159094,0.158264,0.159198,0.156793,0.161826,0.159094,-0.03504,-0.062963
2024-09-04,0.164334,0.164407,0.170401,0.167436,0.169036,0.169684,0.164407,-0.036122,-0.08032
2024-09-05,0.168311,0.176121,0.177019,0.173488,0.179046,0.175618,0.176121,-0.03051,-0.085617
2024-09-06,0.176389,0.179254,0.184179,0.180282,0.174934,0.172611,0.179254,-0.049898,-0.083917
2024-09-09,0.182218,0.179644,0.181464,0.180351,0.180525,0.185048,0.179644,-0.046594,-0.077769
2024-09-10,0.177159,0.182488,0.17393,0.175922,0.175174,0.177864,0.182488,-0.035327,-0.085077
2024-09-11,0.180875,0.182851,0.178228,0.176967,0.182034,0.183826,0.182851,-0.035902,-0.077613
2024-09-12,0.16111,0.160793,0.164225,0.163354,0.159912,0.159709,0.160793,-0.049866,-0.06597
2024-09-13,0.16983,0.17321,0.171947,0.176739,0.17203,0.172579,0.17321,-0.034857,-0.063526
2024-09-16,0.177866,0.169509,0.177569,0.16883,0.173357,0.174109,0.169509,-0.040661,-0.079151
2024-09-17,0.163061,0.158329,0.169296,0.163995,0.165437,0.162195,0.158329,-0.041485,-0.073961
2024-09-18,0.162736,0.160908,0.165375,0.163716,0.166066,0.164145,0.160908,-0.035992,-0.08209
2024-09-19,0.165314,0.167167,0.166143,0.163303,0.169347,0.164846,0.167167,-0.03854,-0.086508
2024-09-20,0.165667,0.162915,0.158738,0.166231,0.164879,0.162683,0.162915,-0.045503,-0.081472
2024-09-23,0.162151,0.1623,0.16194,0.16068,0.160527,0.161851,0.1623,-0.036637,-0.072269
2024-09-24,0.152199,0.152741,0.151053,0.157066,0.157054,0.157164,0.152741,-0.036316,-0.079362
2024-09-25,0.142411,0.14704,0.149209,0.145184,0.142422,0.148156,0.14704,-0.03103,-0.071906
2024-09-26,0.146694,0.151631,0.15568,0.151243,0.151963,0.152512,0.151631,-0.035394,-0.066187
2024-09-27,0.151324,0.153993,0.157983,0.158556,0.154469,0.151516,0.153993,-0.049539,-0.064138
2024-09-30,0.14708,0.154412,0.155632,0.155095,0.152863,0.153379,0.154412,-0.034071,-0.085329
2024-10-01,0.155437,0.15641,0.155313,0.155384,0.151455,0.153576,0.15641,-0.041211,-0.082104
2024-10-02,0.149563,0.155005,0.149566,0.148745,0.151387,0.145171,0.155005,-0.037307,-0.065915
2024-10-03,0.145817,0.145211,0.14495,0.142544,0.146518,0.148607,0.145211,-0.034655,-0.087276
2024-10-04,0.145963,0.141929,0.145615,0.150759,0.144854,0.153165,0.141929,-0.04421,-0.074864
2024-10-07,0.160381,0.160402,0.165323,0.154519,0.159523,0.159897,0.160402,-0.041423,-0.073514
2024-10-08,0.148162,0.155895,0.149049,0.152824,0.151552,0.150585,0.155895,-0.047998,-0.083091
2024-10-09,0.15206,0.154189,0.160223,0.154128,0.156887,0.159781,0.154189,-0.043213,-0.065641
2024-10-10,0.164855,0.161905,0.166134,0.166089,0.16512,0.166383,0.161905,-0.045553,-0.078309
2024-10-11,0.175612,0.169112,0.17229,0.171037,0.166015,0.17513,0.169112,-0.038989,-0.078214
2024-10-14,0.159865,0.166005,0.169925,0.167481,0.166273,0.168802,0.166005,-0.03948,-0.070536
2024-10-15,0.149881,0.160274,0.158834,0.159083,0.161807,0.16479,0.160274,-0.049108,-0.073676
2024-10-16,0.167905,0.168988,0.167845,0.164733,0.170806,0.166617,0.168988,-0.033282,-0.060975
2024-10-17,0.182743,0.178819,0.181219,0.18056,0.182666,0.177071,0.178819,-0.036899,-0.073088
2024-10-18,0.157329,0.157733,0.154795,0.161728,0.154084,0.155054,0.157733,-0.049325,-0.084063
2024-10-21,0.140031,0.143714,0.139746,0.14519,0.141835,0.14944,0.143714,-0.045879,-0.089723
2024-10-22,0.146397,0.145054,0.144397,0.154343,0.15109,0.146574,0.145054,-0.040546,-0.07183
2024-10-23,0.143551,0.150002,0.150441,0.141584,0.151565,0.149799,0.150002,-0.037323,-0.079726
2024-10-24,0.122371,0.128081,0.126303,0.127641,0.128785,0.128648,0.128081,-0.043142,-0.081683
2024-10-25,0.124044,0.123798,0.122586,0.120723,0.117263,0.130224,0.123798,-0.041876,-0.075919
2024-10-28,0.117223,0.122723,0.118258,0.12456,0.120227,0.127061,0.122723,-0.040534,-0.089917
2024-10-29,0.119923,0.132802,0.127934,0.130463,0.125183,0.123648,0.132802,-0.037205,-0.079741
2024-10-30,0.131499,0.135445,0.131889,0.137318,0.131932,0.134265,0.135445,-0.037088,-0.066359
2024-10-31,0.146415,0.144387,0.145985,0.140105,0.147627,0.147158,0.144387,-0.036865,-0.072655
2024-11-01,0.14354,0.143799,0.14362,0.144164,0.145768,0.138998,0.143799,-0.038849,-0.073731
2024-11-04,0.142446,0.143717,0.147387,0.152078,0.148009,0.147183,0.143717,-0.0435,-0.089743
2024-11-05,0.134598,0.13065,0.139347,0.133917,0.129035,0.131397,0.13065,-0.032793,-0.066757
2024-11-06,0.131103,0.135894,0.138141,0.136458,0.142127,0.13711,0.135894,-0.04811,-0.060445
2024-11-07,0.128484,0.134091,0.1327,0.137044,0.130386,0.133942,0.134091,-0.041866,-0.088376
2024-11-08,0.141382,0.14108,0.147227,0.148457,0.142802,0.145038,0.14108,-0.037597,-0.075099
2024-11-11,0.148998,0.155627,0.149988,0.153313,0.149987,0.153272,0.155627,-0.031187,-0.079212
2024-11-12,0.143306,0.140021,0.141957,0.142039,0.145467,0.139703,0.140021,-0.043537,-0.089024
2024-11-13,0.149675,0.150354,0.149389,0.152161,0.156081,0.154894,0.150354,-0.04658,-0.089519
2024-11-14,0.132487,0.135007,0.136419,0.138072,0.139435,0.137702,0.135007,-0.04699,-0.078483
2024-11-15,0.142088,0.141145,0.142626,0.147199,0.145988,0.142436,0.141145,-0.048541,-0.070435
2024-11-18,0.16895,0.172588,0.171797,0.166545,0.16913,0.165524,0.172588,-0.033066,-0.08347
2024-11-19,0.180616,0.185785,0.185013,0.184282,0.184075,0.193212,0.185785,-0.046578,-0.063619
2024-11-20,0.182839,0.181931,0.182788,0.181535,0.184148,0.180184,0.181931,-0.048348,-0.073691
2024-11-21,0.176647,0.1682,0.176375,0.172362,0.177932,0.171382,0.1682,-0.048322,-0.075335
2024-11-22,0.18525,0.185238,0.180259,0.180257,0.185847,0.18069,0.185238,-0.039871,-0.080183
2024-11-25,0.1862,0.191942,0.190039,0.188634,0.18777,0.191123,0.191942,-0.044161,-0.084984
2024-11-26,0.182912,0.183125,0.185168,0.185432,0.186739,0.190715,0.183125,-0.046667,-0.084773
2024-11-27,0.181664,0.180999,0.177216,0.182001,0.177493,0.181608,0.180999,-0.043859,-0.080799
2024-11-28,0.179704,0.179088,0.180769,0.175168,0.177208,0.179176,0.179088,-0.042246,-0.071353
2024-11-29,0.172953,0.172089,0.178668,0.1781,0.173902,0.175775,0.172089,-0.041737,-0.073084
2024-12-02,0.180445,0.181673,0.18324,0.18827,0.177567,0.183859,0.181673,-0.037601,-0.085973
2024-12-03,0.195345,0.192454,0.192382,0.192109,0.193557,0.194026,0.192454,-0.033499,-0.076752
2024-12-04,0.194702,0.19384,0.191848,0.187121,0.190201,0.191487,0.19384,-0.041425,-0.081355
2024-12-05,0.187551,0.187035,0.190942,0.190739,0.184506,0.191352,0.187035,-0.039606,-0.062144
2024-12-06,0.18263,0.188347,0.185404,0.184004,0.184944,0.181654,0.188347,-0.035324,-0.088093
2024-12-09,0.196402,0.196369,0.193962,0.196073,0.197702,0.190481,0.196369,-0.039566,-0.071914
2024-12-10,0.209935,0.20693,0.211983,0.210006,0.207061,0.212144,0.20693,-0.036616,-0.063673
2024-12-11,0.210184,0.21146,0.213051,0.213987,0.209964,0.213427,0.21146,-0.040834,-0.081813
2024-12-12,0.209785,0.208504,0.203105,0.205763,0.202092,0.202335,0.208504,-0.03311,-0.075531
2024-12-13,0.204456,0.209159,0.207538,0.209653,0.209976,0.207073,0.209159,-0.042921,-0.084528
2024-12-16,0.214308,0.218493,0.220115,0.218921,0.215338,0.212807,0.218493,-0.042603,-0.087541
2024-12-17,0.217946,0.219761,0.21842,0.213309,0.214012,0.215041,0.219761,-0.039517,-0.087374
2024-12-18,0.224017,0.217781,0.215981,0.2183,0.2196,0.218911,0.217781,-0.030357,-0.081912
2024-12-19,0.233765,0.228741,0.237375,0.231878,0.22838,0.228783,0.228741,-0.040384,-0.073717
2024-12-20,0.233289,0.235142,0.233772,0.234128,0.232391,0.237274,0.235142,-0.032905,-0.087741
2024-12-23,0.254494,0.251839,0.261193,0.250962,0.250573,0.253386,0.251839,-0.038572,-0.082316
2024-12-24,0.238225,0.234319,0.236048,0.234839,0.235543,0.230822,0.234319,-0.045716,-0.067134
2024-12-25,0.238522,0.233755,0.233845,0.235796,0.231271,0.234905,0.233755,-0.033577,-0.089477
2024-12-26,0.238284,0.238877,0.236905,0.237852,0.233349,0.233756,0.238877,-0.046091,-0.079478
2024-12-27,0.229917,0.229557,0.230801,0.230752,0.229397,0.227675,0.229557,-0.03596,-0.065728
2024-12-30,0.228062,0.237843,0.23315,0.229597,0.229768,0.228699,0.237843,-0.043649,-0.08698
2024-12-31,0.251177,0.250823,0.24539,0.239369,0.248109,0.249761,0.250823,-0.034463,-0.062518
2025-01-01,0.261875,0.262961,0.263592,0.261102,0.258267,0.258354,0.262961,-0.046227,-0.069035
2025-01-02,0.259876,0.254065,0.263547,0.251034,0.261365,0.255136,0.254065,-0.043262,-0.07204
2025-01-03,0.255766,0.254254,0.2495,0.252351,0.244821,0.252112,0.254254,-0.044525,-0.061566
2025-01-06,0.268302,0.269095,0.264594,0.255766,0.261839,0.258111,0.269095,-0.032608,-0.07446
2025-01-07,0.245233,0.241414,0.236612,0.236819,0.23948,0.240689,0.241414,-0.045117,-0.066366
2025-01-08,0.241684,0.234461,0.23623,0.240226,0.232733,0.233955,0.234461,-0.04402,-0.078532
2025-01-09,0.234747,0.233347,0.226708,0.23239,0.225712,0.234589,0.233347,-0.037703,-0.074767
2025-01-10,0.23135,0.241293,0.235151,0.239748,0.228747,0.233864,0.241293,-0.030744,-0.064754
2025-01-13,0.24168,0.243975,0.241931,0.246064,0.240181,0.24037,0.243975,-0.030494,-0.069926
2025-01-14,0.248224,0.246549,0.239742,0.249206,0.238077,0.241596,0.246549,-0.039106,-0.069268
2025-01-15,0.24325,0.239322,0.241904,0.244429,0.243423,0.234182,0.239322,-0.033981,-0.086417
2025-01-16,0.259519,0.255146,0.24815,0.246308,0.24854,0.246613,0.255146,-0.03949,-0.065654
2025-01-17,0.264235,0.26579,0.26386,0.262814,0.266913,0.263162,0.26579,-0.043677,-0.086755
2025-01-20,0.273806,0.259693,0.261749,0.26256,0.26181,0.261422,0.259693,-0.04126,-0.087039
2025-01-21,0.261981,0.256395,0.254302,0.252537,0.256516,0.255951,0.256395,-0.048432,-0.069071
2025-01-22,0.265831,0.263871,0.263347,0.259877,0.263251,0.260542,0.263871,-0.042703,-0.061494
2025-01-23,0.264443,0.274058,0.268979,0.2697,0.268639,0.265959,0.274058,-0.038401,-0.085437
2025-01-24,0.273029,0.272097,0.267713,0.262342,0.257217,0.265612,0.272097,-0.040969,-0.067111
2025-01-27,0.272323,0.272279,0.26941,0.268864,0.271884,0.265136,0.272279,-0.042594,-0.074972
2025-01-28,0.255754,0.254238,0.250525,0.252865,0.256648,0.24992,0.254238,-0.037951,-0.063551
2025-01-29,0.262234,0.26602,0.257057,0.264557,0.261521,0.262708,0.26602,-0.034911,-0.085181
2025-01-30,0.278022,0.270361,0.268882,0.267374,0.270765,0.274202,0.270361,-0.035076,-0.084629
2025-01-31,0.275857,0.270637,0.272404,0.269786,0.268915,0.266531,0.270637,-0.030891,-0.07085
2025-02-03,0.278343,0.284309,0.272373,0.268766,0.271805,0.270569,0.284309,-0.034305,-0.089434
2025-02-04,0.283859,0.282487,0.273304,0.282607,0.271496,0.27641,0.282487,-0.03706,-0.064527
2025-02-05,0.281059,0.281674,0.275828,0.273515,0.273561,0.26966,0.281674,-0.04656,-0.082652
2025-02-06,0.282552,0.281438,0.272503,0.277724,0.272208,0.271701,0.281438,-0.04006,-0.072833
2025-02-07,0.270002,0.271478,0.270466,0.272928,0.267313,0.264271,0.271478,-0.040048,-0.070646
2025-02-10,0.265144,0.258629,0.259556,0.255668,0.256924,0.256045,0.258629,-0.042505,-0.064658
2025-02-11,0.251537,0.249308,0.249372,0.244121,0.249679,0.244057,0.249308,-0.047924,-0.078602
2025-02-12,0.251667,0.24649,0.247543,0.243256,0.243984,0.24323,0.24649,-0.032355,-0.07494
2025-02-13,0.255155,0.249524,0.240487,0.241034,0.243288,0.245869,0.249524,-0.03739,-0.073094
2025-02-14,0.258238,0.248955,0.248397,0.250102,0.248023,0.248904,0.248955,-0.032325,-0.077988
2025-02-17,0.267399,0.26533,0.260127,0.263773,0.253976,0.258387,0.26533,-0.041666,-0.060556
2025-02-18,0.254894,0.254803,0.255104,0.25083,0.252071,0.249666,0.254803,-0.040775,-0.07531
2025-02-19,0.263308,0.268071,0.258244,0.259551,0.253811,0.256389,0.268071,-0.041891,-0.063187
2025-02-20,0.268346,0.257108,0.263504,0.263175,0.256704,0.260673,0.257108,-0.048352,-0.074813
2025-02-21,0.265519,0.270307,0.264914,0.266985,0.264285,0.259493,0.270307,-0.04701,-0.072568
2025-02-24,0.259368,0.256308,0.253953,0.253655,0.25236,0.253524,0.256308,-0.031022,-0.078962
2025-02-25,0.254917,0.251426,0.252912,0.252831,0.249217,0.249101,0.251426,-0.046488,-0.079952
2025-02-26,0.25372,0.252722,0.252505,0.249995,0.247306,0.247578,0.252722,-0.043941,-0.088958
2025-02-27,0.246185,0.252069,0.247728,0.246296,0.250116,0.248785,0.252069,-0.036479,-0.089152
2025-02-28,0.241531,0.243536,0.242475,0.239148,0.246919,0.240132,0.243536,-0.044482,-0.065517
2025-03-03,0.245457,0.245314,0.242853,0.241994,0.251357,0.245705,0.245314,-0.038912,-0.081875
2025-03-04,0.256612,0.250262,0.253736,0.24368,0.247997,0.246274,0.250262,-0.032166,-0.069692
2025-03-05,0.248514,0.246787,0.246809,0.241745,0.241752,0.24572,0.246787,-0.034864,-0.076275
2025-03-06,0.242197,0.246025,0.239181,0.236498,0.238529,0.234618,0.246025,-0.048879,-0.089323
2025-03-07,0.234513,0.23256,0.236146,0.234037,0.236333,0.234977,0.23256,-0.041607,-0.062892
2025-03-10,0.24119,0.237358,0.239172,0.239037,0.23061,0.234738,0.237358,-0.036076,-0.077076
2025-03-11,0.236164,0.223975,0.22962,0.228045,0.229469,0.22671,0.223975,-0.049385,-0.081308
2025-03-12,0.227495,0.229399,0.21918,0.224575,0.218831,0.22605,0.229399,-0.046579,-0.070954
2025-03-13,0.217906,0.211275,0.209382,0.213762,0.211731,0.214635,0.211275,-0.04999,-0.079836
2025-03-14,0.21702,0.21566,0.214789,0.213153,0.214242,0.209073,0.21566,-0.032719,-0.08151
2025-03-17,0.215137,0.215169,0.214803,0.219559,0.220721,0.219051,0.215169,-0.03979,-0.072261
2025-03-18,0.223438,0.219133,0.2176,0.217592,0.220367,0.218816,0.219133,-0.032796,-0.08604
2025-03-19,0.221842,0.219709,0.215572,0.218126,0.219009,0.210102,0.219709,-0.045689,-0.083847
2025-03-20,0.225249,0.221659,0.221555,0.21914,0.218808,0.215602,0.221659,-0.048619,-0.064583
2025-03-21,0.216342,0.216054,0.21739,0.215094,0.218281,0.215754,0.216054,-0.049218,-0.070218
2025-03-24,0.227361,0.229431,0.220888,0.218879,0.223639,0.220091,0.229431,-0.042013,-0.086054
2025-03-25,0.231252,0.228738,0.231184,0.226142,0.223846,0.227758,0.228738,-0.040303,-0.060793
2025-03-26,0.230171,0.231827,0.232361,0.230239,0.22573,0.229378,0.231827,-0.044614,-0.066264
2025-03-27,0.228866,0.231981,0.227245,0.231567,0.221389,0.223928,0.231981,-0.04087,-0.088375
2025-03-28,0.225482,0.227004,0.226289,0.225413,0.219515,0.224307,0.227004,-0.043783,-0.085379
2025-03-31,0.231536,0.230438,0.223707,0.236091,0.227354,0.231606,0.230438,-0.042045,-0.070158
2025-04-01,0.24858,0.246094,0.245154,0.246129,0.243339,0.241674,0.246094,-0.038783,-0.070181
2025-04-02,0.2655,0.2607,0.260295,0.263382,0.261511,0.258386,0.2607,-0.044497,-0.075078
2025-04-03,0.264385,0.265844,0.262696,0.258245,0.261737,0.262376,0.265844,-0.032417,-0.085628
2025-04-04,0.270863,0.262065,0.264539,0.263204,0.258589,0.263579,0.262065,-0.047843,-0.074054
2025-04-07,0.267107,0.261591,0.266231,0.263279,0.260012,0.263664,0.261591,-0.03104,-0.067102
2025-04-08,0.255689,0.24911,0.249604,0.249956,0.250876,0.243127,0.24911,-0.033366,-0.064694
2025-04-09,0.244771,0.236342,0.239693,0.24607,0.238733,0.24067,0.236342,-0.034843,-0.088769
2025-04-10,0.222554,0.217178,0.216418,0.219199,0.218831,0.214448,0.217178,-0.043686,-0.082564
2025-04-11,0.213219,0.216414,0.211144,0.209962,0.218059,0.206203,0.216414,-0.042698,-0.061059
2025-04-14,0.20315,0.206605,0.205702,0.210522,0.20574,0.205997,0.206605,-0.036019,-0.073834
2025-04-15,0.199943,0.195114,0.195973,0.19578,0.195336,0.194709,0.195114,-0.035498,-0.081836
2025-04-16,0.196134,0.191605,0.195283,0.192175,0.192504,0.188704,0.191605,-0.030949,-0.069717
2025-04-17,0.205131,0.20625,0.204798,0.204596,0.202726,0.199632,0.20625,-0.042878,-0.07312
2025-04-18,0.202819,0.198356,0.199326,0.195867,0.19542,0.200919,0.198356,-0.034231,-0.06803
2025-04-21,0.209901,0.216736,0.214244,0.215836,0.212183,0.211187,0.216736,-0.035297,-0.080743
2025-04-22,0.207508,0.206091,0.20681,0.203081,0.201136,0.20659,0.206091,-0.047377,-0.07278
2025-04-23,0.20926,0.20609,0.204186,0.205501,0.206862,0.200251,0.20609,-0.035434,-0.082743
2025-04-24,0.218482,0.217489,0.214705,0.211403,0.211424,0.214726,0.217489,-0.03201,-0.075447
2025-04-25,0.238184,0.2315,0.231677,0.229281,0.233938,0.23014,0.2315,-0.042386,-0.065912
2025-04-28,0.251257,0.241924,0.244037,0.240799,0.243453,0.240878,0.241924,-0.03992,-0.086232
2025-04-29,0.246601,0.237036,0.244889,0.24107,0.242123,0.238333,0.237036,-0.044087,-0.068678
2025-04-30,0.242174,0.239879,0.239001,0.238378,0.246846,0.241685,0.239879,-0.032562,-0.080871
2025-05-01,0.229426,0.228509,0.23182,0.226282,0.225747,0.229953,0.228509,-0.032615,-0.086134
2025-05-02,0.249046,0.247127,0.246927,0.248514,0.243976,0.246848,0.247127,-0.048291,-0.082791
2025-05-05,0.234348,0.239091,0.231972,0.234019,0.23487,0.234422,0.239091,-0.040307,-0.085349
2025-05-06,0.241828,0.232542,0.236934,0.235667,0.232714,0.233531,0.232542,-0.041913,-0.071231
2025-05-07,0.237663,0.233898,0.233856,0.229047,0.236014,0.233012,0.233898,-0.048839,-0.07255
2025-05-08,0.245064,0.24734,0.245969,0.241924,0.243368,0.248133,0.24734,-0.047433,-0.0676
2025-05-09,0.252368,0.253063,0.24452,0.248313,0.25081,0.252602,0.253063,-0.045887,-0.080652
2025-05-12,0.239866,0.234585,0.240599,0.238152,0.23385,0.236924,0.234585,-0.034766,-0.074396
2025-05-13,0.242492,0.237803,0.237851,0.243242,0.236797,0.237721,0.237803,-0.035889,-0.075138
2025-05-14,0.246063,0.239211,0.239283,0.237854,0.235651,0.237046,0.239211,-0.046928,-0.075702
2025-05-15,0.215724,0.214327,0.216987,0.210148,0.205924,0.216096,0.214327,-0.048245,-0.078881
2025-05-16,0.209744,0.210549,0.20885,0.212246,0.207748,0.205485,0.210549,-0.04308,-0.065954
2025-05-19,0.20052,0.203533,0.202971,0.20526,0.203947,0.209836,0.203533,-0.032699,-0.081186
2025-05-20,0.223638,0.225935,0.226308,0.226555,0.226025,0.223298,0.225935,-0.036259,-0.076565
2025-05-21,0.242986,0.245367,0.243633,0.236575,0.236664,0.239504,0.245367,-0.039716,-0.060756
2025-05-22,0.243805,0.244722,0.241491,0.239549,0.242146,0.241078,0.244722,-0.041008,-0.081631
2025-05-23,0.235121,0.237356,0.237252,0.233781,0.233994,0.23628,0.237356,-0.045183,-0.083506
2025-05-26,0.244052,0.239621,0.243333,0.242548,0.237082,0.236641,0.239621,-0.033654,-0.074223
2025-05-27,0.252861,0.249138,0.240685,0.246127,0.245621,0.238922,0.249138,-0.032384,-0.080526
2025-05-28,0.23676,0.242712,0.236618,0.238311,0.233972,0.235114,0.242712,-0.043879,-0.067411
2025-05-29,0.233213,0.234015,0.226242,0.22748,0.229876,0.228342,0.234015,-0.032936,-0.0839
2025-05-30,0.219631,0.227165,0.220545,0.223097,0.227672,0.223647,0.227165,-0.038847,-0.07988
2025-06-02,0.210205,0.21095,0.211791,0.218344,0.210033,0.211122,0.21095,-0.041712,-0.077528
2025-06-03,0.200183,0.194934,0.198716,0.199696,0.2054,0.19922,0.194934,-0.043358,-0.084853
2025-06-04,0.201251,0.203327,0.20246,0.19857,0.207432,0.194044,0.203327,-0.03522,-0.089198
2025-06-05,0.210889,0.210767,0.209755,0.210134,0.212351,0.214796,0.210767,-0.041177,-0.078738
2025-06-06,0.227116,0.225909,0.225942,0.232334,0.224049,0.222949,0.225909,-0.042567,-0.078287
2025-06-09,0.229374,0.230327,0.22787,0.224468,0.222394,0.226812,0.230327,-0.039333,-0.070625
2025-06-10,0.238652,0.236947,0.238652,0.237441,0.232104,0.230973,0.236947,-0.043407,-0.061713
2025-06-11,0.248866,0.24713,0.2428,0.243389,0.245311,0.241993,0.24713,-0.043889,-0.063144
2025-06-12,0.25113,0.245921,0.255208,0.245321,0.244934,0.24502,0.245921,-0.033439,-0.086863
2025-06-13,0.252087,0.244239,0.24446,0.244721,0.235793,0.240308,0.244239,-0.038313,-0.079624
2025-06-16,0.23204,0.233418,0.230022,0.236984,0.230489,0.233215,0.233418,-0.048507,-0.086375
2025-06-17,0.23621,0.231365,0.23326,0.228751,0.230832,0.232662,0.231365,-0.043368,-0.079118
2025-06-18,0.23803,0.243384,0.249658,0.242165,0.240046,0.24144,0.243384,-0.031709,-0.08098
2025-06-19,0.231349,0.225048,0.229634,0.228692,0.230074,0.226906,0.225048,-0.031058,-0.07529
2025-06-20,0.209633,0.209965,0.214306,0.202778,0.210543,0.209095,0.209965,-0.049393,-0.089393
2025-06-23,0.224323,0.223432,0.223085,0.215726,0.222672,0.21994,0.223432,-0.048987,-0.086198
2025-06-24,0.221512,0.215872,0.21834,0.219161,0.221601,0.217242,0.215872,-0.038709,-0.080591
2025-06-25,0.222574,0.219972,0.214546,0.222752,0.216778,0.215231,0.219972,-0.04372,-0.072867
2025-06-26,0.219374,0.217797,0.219751,0.211297,0.216654,0.217407,0.217797,-0.044831,-0.086757
2025-06-27,0.222337,0.221959,0.223186,0.225324,0.227241,0.216742,0.221959,-0.034468,-0.066781
2025-06-30,0.234045,0.233802,0.23659,0.235124,0.229036,0.231509,0.233802,-0.045013,-0.061026
2025-07-01,0.225887,0.219442,0.223126,0.215782,0.217036,0.221284,0.219442,-0.041358,-0.061694
2025-07-02,0.222102,0.226391,0.223434,0.227152,0.221767,0.22463,0.226391,-0.047089,-0.080377
2025-07-03,0.221657,0.218348,0.215171,0.220982,0.218624,0.222469,0.218348,-0.046588,-0.07764
2025-07-04,0.207087,0.207258,0.215289,0.208359,0.208242,0.207848,0.207258,-0.047194,-0.066205
2025-07-07,0.220603,0.224298,0.211969,0.215717,0.217525,0.221984,0.224298,-0.043775,-0.079851
2025-07-08,0.220726,0.213684,0.219162,0.216768,0.216524,0.219733,0.213684,-0.034837,-0.087237
2025-07-09,0.211957,0.216985,0.21611,0.213776,0.210787,0.211705,0.216985,-0.048443,-0.066844
2025-07-10,0.208311,0.206558,0.204,0.209435,0.206047,0.202761,0.206558,-0.039856,-0.060166
2025-07-11,0.224471,0.223998,0.223921,0.221019,0.222386,0.224057,0.223998,-0.046991,-0.085639
2025-07-14,0.223712,0.226023,0.229443,0.222256,0.220639,0.215325,0.226023,-0.046374,-0.088816
2025-07-15,0.234432,0.230589,0.233545,0.229994,0.231491,0.231226,0.230589,-0.040047,-0.089505
2025-07-16,0.210529,0.218167,0.215284,0.214786,0.215299,0.219186,0.218167,-0.045386,-0.074255
2025-07-17,0.207273,0.205648,0.208803,0.20717,0.207387,0.203894,0.205648,-0.032402,-0.07351
2025-07-18,0.217102,0.217651,0.221678,0.211763,0.211785,0.2219,0.217651,-0.035965,-0.068805
2025-07-21,0.212121,0.212286,0.211411,0.212792,0.212735,0.21144,0.212286,-0.032895,-0.078688
2025-07-22,0.210012,0.214549,0.206715,0.204287,0.210439,0.20803,0.214549,-0.047259,-0.061159
2025-07-23,0.201858,0.19648,0.19737,0.199518,0.197153,0.197203,0.19648,-0.032025,-0.07845
2025-07-24,0.18439,0.18376,0.188284,0.184728,0.188968,0.187533,0.18376,-0.032531,-0.080362
2025-07-25,0.183702,0.186451,0.193868,0.193597,0.183042,0.191555,0.186451,-0.03853,-0.063867
2025-07-28,0.185863,0.189228,0.188009,0.191829,0.189888,0.186195,0.189228,-0.030656,-0.065173
2025-07-29,0.183459,0.186218,0.184458,0.189258,0.184424,0.183809,0.186218,-0.039446,-0.077286
2025-07-30,0.191493,0.190923,0.184646,0.188743,0.194898,0.194142,0.190923,-0.031304,-0.082202
2025-07-31,0.198234,0.181125,0.196285,0.188178,0.195329,0.187052,0.181125,-0.035114,-0.081685
2025-08-01,0.203395,0.202024,0.19841,0.198476,0.199047,0.200944,0.202024,-0.036326,-0.068183
2025-08-04,0.203247,0.195703,0.196183,0.198108,0.198351,0.194715,0.195703,-0.038597,-0.073643
2025-08-05,0.185982,0.191631,0.189424,0.189224,0.191583,0.190783,0.191631,-0.038941,-0.085667
2025-08-06,0.154644,0.159821,0.155745,0.156321,0.160646,0.159234,0.159821,-0.034033,-0.077975
2025-08-07,0.157773,0.156977,0.15094,0.158018,0.157375,0.152497,0.156977,-0.033811,-0.073392
2025-08-08,0.149179,0.13876,0.145335,0.142255,0.140368,0.142451,0.13876,-0.03292,-0.076909
2025-08-11,0.161685,0.158279,0.160084,0.160712,0.166681,0.158965,0.158279,-0.031473,-0.083874
2025-08-12,0.179383,0.175083,0.176707,0.180265,0.18067,0.177434,0.175083,-0.031105,-0.085103
2025-08-13,0.159079,0.164418,0.159371,0.165395,0.164351,0.165952,0.164418,-0.036969,-0.072446
2025-08-14,0.161619,0.168479,0.166547,0.170034,0.163789,0.174854,0.168479,-0.037096,-0.080052
2025-08-15,0.154018,0.154148,0.150975,0.150787,0.151295,0.15665,0.154148,-0.044279,-0.085434
2025-08-18,0.143888,0.145616,0.143268,0.1416,0.142639,0.145543,0.145616,-0.039855,-0.076022
2025-08-19,0.146693,0.156357,0.155719,0.154837,0.151649,0.155342,0.156357,-0.039412,-0.063498
2025-08-20,0.160451,0.165141,0.160823,0.159958,0.160804,0.161955,0.165141,-0.048319,-0.081633
2025-08-21,0.163116,0.164706,0.160652,0.159071,0.159727,0.162222,0.164706,-0.04411,-0.084981
2025-08-22,0.149221,0.146468,0.145545,0.148879,0.144044,0.150924,0.146468,-0.034849,-0.070431
2025-08-25,0.157596,0.157059,0.157825,0.155908,0.156766,0.155684,0.157059,-0.032239,-0.080272
2025-08-26,0.150497,0.154686,0.155481,0.150526,0.153885,0.152366,0.154686,-0.044307,-0.061045
2025-08-27,0.164442,0.162731,0.165691,0.170534,0.166555,0.168948,0.162731,-0.039455,-0.075047
2025-08-28,0.173305,0.182124,0.174578,0.177374,0.172126,0.172102,0.182124,-0.032631,-0.08755
2025-08-29,0.190485,0.186287,0.189403,0.188202,0.184622,0.188576,0.186287,-0.040928,-0.084669
2025-09-01,0.18556,0.187371,0.184083,0.189909,0.197479,0.187221,0.187371,-0.034026,-0.080127
2025-09-02,0.18204,0.18452,0.177478,0.184941,0.185596,0.178936,0.18452,-0.04296,-0.070456
2025-09-03,0.18832,0.179203,0.179176,0.182597,0.184907,0.180674,0.179203,-0.042167,-0.069427
2025-09-04,0.181195,0.190855,0.18482,0.191213,0.190598,0.184014,0.190855,-0.030936,-0.077763
2025-09-05,0.198434,0.193477,0.192302,0.197556,0.196058,0.194516,0.193477,-0.044364,-0.086854
2025-09-08,0.193711,0.19332,0.194049,0.198769,0.197372,0.198838,0.19332,-0.033495,-0.079254
2025-09-09,0.208354,0.214608,0.214394,0.21216,0.211129,0.212077,0.214608,-0.043707,-0.072877
2025-09-10,0.212073,0.208027,0.211042,0.209143,0.204782,0.207934,0.208027,-0.046903,-0.064568
2025-09-11,0.210239,0.203087,0.202141,0.199611,0.200131,0.202314,0.203087,-0.03552,-0.074607
2025-09-12,0.202853,0.203096,0.196802,0.198857,0.203432,0.200838,0.203096,-0.036215,-0.083923
2025-09-15,0.194622,0.19842,0.200027,0.191715,0.202833,0.192113,0.19842,-0.033719,-0.078711
2025-09-16,0.197899,0.196561,0.199206,0.200558,0.203544,0.197599,0.196561,-0.042812,-0.085932
2025-09-17,0.199958,0.196571,0.197737,0.197958,0.202038,0.194368,0.196571,-0.049277,-0.074706
2025-09-18,0.202312,0.202424,0.198957,0.197953,0.194112,0.201357,0.202424,-0.036383,-0.077995
2025-09-19,0.184214,0.182276,0.185933,0.179649,0.180655,0.180569,0.182276,-0.03191,-0.066388
2025-09-22,0.18293,0.187937,0.186132,0.182182,0.186531,0.190331,0.187937,-0.039963,-0.083547
2025-09-23,0.167994,0.175217,0.167173,0.177075,0.173051,0.173677,0.175217,-0.032695,-0.084906
2025-09-24,0.176857,0.175651,0.183768,0.178449,0.17977,0.181321,0.175651,-0.049619,-0.074596
2025-09-25,0.195601,0.186568,0.195814,0.19221,0.189249,0.190143,0.186568,-0.043327,-0.075864
2025-09-26,0.189109,0.191797,0.187412,0.184198,0.18317,0.182628,0.191797,-0.032458,-0.078013
2025-09-29,0.180654,0.173885,0.179327,0.180182,0.179277,0.185766,0.173885,-0.040987,-0.073681
2025-09-30,0.18017,0.180816,0.181086,0.178406,0.182691,0.178741,0.180816,-0.034502,-0.063131
2025-10-01,0.202219,0.195365,0.197929,0.201304,0.196237,0.197254,0.195365,-0.048015,-0.068263
2025-10-02,0.193402,0.190047,0.182206,0.181522,0.18928,0.183309,0.190047,-0.035372,-0.08104
2025-10-03,0.187147,0.189633,0.189695,0.186809,0.184118,0.1807,0.189633,-0.049361,-0.073714
2025-10-06,0.193397,0.191431,0.19409,0.195588,0.194291,0.193583,0.191431,-0.047089,-0.085176
2025-10-07,0.191437,0.193684,0.183559,0.183369,0.185531,0.192363,0.193684,-0.046896,-0.085062
2025-10-08,0.194651,0.193895,0.191363,0.191148,0.197085,0.194498,0.193895,-0.038979,-0.087801
2025-10-09,0.196057,0.191255,0.194616,0.19381,0.198541,0.199196,0.191255,-0.037542,-0.063328
2025-10-10,0.177878,0.181177,0.184011,0.183038,0.183483,0.175984,0.181177,-0.035856,-0.088664
2025-10-13,0.19478,0.191803,0.196018,0.191118,0.191039,0.195231,0.191803,-0.044649,-0.060377
2025-10-14,0.19577,0.198543,0.192999,0.199797,0.198138,0.199232,0.198543,-0.044047,-0.080916
2025-10-15,0.190089,0.193561,0.190958,0.197331,0.197352,0.190138,0.193561,-0.034557,-0.070348
2025-10-16,0.184441,0.179272,0.185827,0.184542,0.178076,0.189452,0.179272,-0.031202,-0.067928
2025-10-17,0.18879,0.194558,0.193719,0.186552,0.189357,0.189565,0.194558,-0.035916,-0.084717
2025-10-20,0.187357,0.193293,0.193695,0.19036,0.190562,0.198187,0.193293,-0.044604,-0.076532
2025-10-21,0.19446,0.194214,0.189844,0.190543,0.1921,0.186969,0.194214,-0.038869,-0.07534
2025-10-22,0.187646,0.185347,0.187725,0.188787,0.181416,0.189088,0.185347,-0.033606,-0.066115
2025-10-23,0.202242,0.200549,0.202335,0.202231,0.199608,0.197895,0.200549,-0.030827,-0.078824
2025-10-24,0.203423,0.20038,0.201129,0.199755,0.199174,0.195895,0.20038,-0.039196,-0.065168
2025-10-27,0.209921,0.204541,0.207322,0.210749,0.203326,0.204654,0.204541,-0.04155,-0.087234
2025-10-28,0.217786,0.21402,0.214733,0.215787,0.220779,0.216726,0.21402,-0.030169,-0.062672
2025-10-29,0.221067,0.2294,0.227377,0.222803,0.221473,0.219234,0.2294,-0.037488,-0.071586
2025-10-30,0.239646,0.230222,0.243427,0.238705,0.243164,0.23467,0.230222,-0.042015,-0.071873
2025-10-31,0.24393,0.241572,0.238327,0.243427,0.241759,0.241417,0.241572,-0.030448,-0.071453
2025-11-03,0.262106,0.265653,0.258456,0.256831,0.26042,0.257085,0.265653,-0.047922,-0.086288
2025-11-04,0.265448,0.266213,0.259497,0.261508,0.26147,0.262831,0.266213,-0.044407,-0.079382
2025-11-05,0.268045,0.259816,0.262571,0.261504,0.256187,0.258533,0.259816,-0.047514,-0.087597
2025-11-06,0.263432,0.259189,0.253574,0.255855,0.257511,0.255106,0.259189,-0.037583,-0.073893
2025-11-07,0.25556,0.256539,0.258178,0.251715,0.252985,0.25281,0.256539,-0.031318,-0.069957
2025-11-10,0.254182,0.247416,0.245197,0.245665,0.247952,0.247705,0.247416,-0.047434,-0.074736
2025-11-11,0.250366,0.24527,0.244211,0.248397,0.243564,0.243516,0.24527,-0.042441,-0.074629
2025-11-12,0.241556,0.239617,0.238913,0.237145,0.241329,0.23887,0.239617,-0.044272,-0.063238
2025-11-13,0.241636,0.250874,0.248809,0.245359,0.245588,0.243931,0.250874,-0.042237,-0.073189
2025-11-14,0.259757,0.255397,0.255591,0.254671,0.256941,0.24666,0.255397,-0.037383,-0.081341
2025-11-17,0.261741,0.252327,0.256656,0.256581,0.247772,0.2503,0.252327,-0.036509,-0.060763
2025-11-18,0.267853,0.269507,0.261967,0.265972,0.26458,0.259545,0.269507,-0.036663,-0.082645
2025-11-19,0.262486,0.264646,0.257148,0.261445,0.255603,0.26025,0.264646,-0.045348,-0.061852
2025-11-20,0.267713,0.270411,0.26014,0.27044,0.262014,0.26184,0.270411,-0.033838,-0.081236
2025-11-21,0.254934,0.254777,0.255248,0.253784,0.248648,0.250951,0.254777,-0.044248,-0.088102
2025-11-24,0.273601,0.265835,0.266471,0.271871,0.268196,0.263753,0.265835,-0.035129,-0.072462
2025-11-25,0.265989,0.256956,0.257922,0.258511,0.259283,0.254815,0.256956,-0.044431,-0.060003
2025-11-26,0.273856,0.277304,0.279441,0.265107,0.273692,0.268346,0.277304,-0.031841,-0.06567
2025-11-27,0.266617,0.271813,0.262772,0.262898,0.262449,0.266997,0.271813,-0.046716,-0.068408
2025-11-28,0.257665,0.260206,0.262056,0.260642,0.259485,0.24884,0.260206,-0.033163,-0.081449
2025-12-01,0.260209,0.259751,0.259802,0.25801,0.258647,0.257513,0.259751,-0.035993,-0.081341
2025-12-02,0.247598,0.248901,0.243156,0.2398,0.241418,0.242059,0.248901,-0.046745,-0.062695
2025-12-03,0.252243,0.250403,0.25091,0.247836,0.247542,0.250623,0.250403,-0.048634,-0.063961
2025-12-04,0.240329,0.236909,0.241897,0.234745,0.237744,0.234059,0.236909,-0.038331,-0.083017
2025-12-05,0.238733,0.231382,0.23195,0.234648,0.235936,0.23346,0.231382,-0.041602,-0.072828
2025-12-08,0.230749,0.232763,0.233464,0.229016,0.228557,0.227395,0.232763,-0.030559,-0.079853
2025-12-09,0.212244,0.209331,0.212689,0.212767,0.210935,0.207229,0.209331,-0.042295,-0.065193
2025-12-10,0.197204,0.194711,0.190379,0.193744,0.192691,0.198176,0.194711,-0.046944,-0.06876
2025-12-11,0.189392,0.190596,0.181311,0.191561,0.186855,0.188998,0.190596,-0.041857,-0.073097
2025-12-12,0.186576,0.187122,0.183054,0.183418,0.185841,0.186915,0.187122,-0.034511,-0.083173
2025-12-15,0.194861,0.192532,0.191409,0.193541,0.186286,0.193004,0.192532,-0.038606,-0.076669
2025-12-16,0.172299,0.175553,0.169239,0.174345,0.175539,0.172724,0.175553,-0.030983,-0.077844
2025-12-17,0.145747,0.146679,0.155872,0.152898,0.153226,0.149286,0.146679,-0.037768,-0.080827
2025-12-18,0.153156,0.160058,0.16258,0.156106,0.159216,0.158988,0.160058,-0.040534,-0.086579
2025-12-19,0.147043,0.145077,0.146647,0.144232,0.144215,0.146234,0.145077,-0.041352,-0.075173
2025-12-22,0.133506,0.14465,0.143237,0.142822,0.138896,0.134632,0.14465,-0.039347,-0.08146
2025-12-23,0.13201,0.137043,0.13935,0.14034,0.141749,0.140007,0.137043,-0.042939,-0.087492
2025-12-24,0.157896,0.151405,0.154676,0.157199,0.152064,0.153374,0.151405,-0.034982,-0.080027
2025-12-25,0.157363,0.149718,0.149868,0.146374,0.154921,0.147985,0.149718,-0.036404,-0.068156
2025-12-26,0.160507,0.157631,0.159989,0.158049,0.162226,0.157838,0.157631,-0.040223,-0.080144
2025-12-29,0.157164,0.161508,0.16703,0.166887,0.158769,0.164052,0.161508,-0.046339,-0.065878
2025-12-30,0.160755,0.155019,0.163625,0.158545,0.156542,0.160776,0.155019,-0.048879,-0.060088
2025-12-31,0.158083,0.14391,0.152987,0.154365,0.146501,0.149928,0.14391,-0.037992,-0.077786
2026-01-01,0.131802,0.144162,0.141091,0.147043,0.140881,0.14942,0.144162,-0.040381,-0.071045
2026-01-02,0.145058,0.144149,0.148699,0.149771,0.149693,0.152656,0.144149,-0.037827,-0.068352
2026-01-05,0.153518,0.145756,0.148892,0.15097,0.152368,0.15381,0.145756,-0.043435,-0.088074
2026-01-06,0.138401,0.139963,0.143106,0.139915,0.145384,0.142521,0.139963,-0.03049,-0.083229
2026-01-07,0.150583,0.145095,0.147223,0.146913,0.147778,0.145744,0.145095,-0.048124,-0.089074
2026-01-08,0.141359,0.145778,0.146352,0.143526,0.15069,0.146017,0.145778,-0.038079,-0.077582
2026-01-09,0.155383,0.155017,0.157537,0.153343,0.152302,0.157308,0.155017,-0.040331,-0.080142
2026-01-12,0.142322,0.154199,0.153356,0.147455,0.148139,0.14968,0.154199,-0.035881,-0.064073
2026-01-13,0.156951,0.156625,0.159937,0.161662,0.159578,0.157289,0.156625,-0.040494,-0.073896
2026-01-14,0.17406,0.177851,0.174458,0.171742,0.176908,0.178098,0.177851,-0.036626,-0.066983
2026-01-15,0.194837,0.192078,0.18756,0.186164,0.185224,0.184112,0.192078,-0.039425,-0.073542
2026-01-16,0.189076,0.192578,0.193336,0.184663,0.19071,0.187297,0.192578,-0.048163,-0.082498
2026-01-19,0.186042,0.183842,0.188035,0.183277,0.188643,0.188322,0.183842,-0.035289,-0.070348
2026-01-20,0.186542,0.188242,0.18928,0.187022,0.196799,0.190262,0.188242,-0.042426,-0.060632
2026-01-21,0.206365,0.204503,0.200491,0.202497,0.200771,0.202393,0.204503,-0.042023,-0.064416
2026-01-22,0.197959,0.204479,0.200303,0.207007,0.204671,0.201005,0.204479,-0.032329,-0.062795
2026-01-23,0.20568,0.20838,0.206986,0.207593,0.20878,0.203882,0.20838,-0.030225,-0.06818
2026-01-26,0.208095,0.204574,0.209953,0.207614,0.206187,0.202309,0.204574,-0.031137,-0.066408
