timestamp,sma_20,sma_50,ema_12,ema_26,rsi_14,bb_upper,bb_lower,macd,macd_signal,atr_14
2023-01-03,,,451.55,451.55,,,,,,
2023-01-04,,,451.32076923076926,451.4396296296296,,,,,,
2023-01-05,,,451.4729585798817,451.50410150891634,,,,,,
2023-01-06,,,451.08634956759226,451.3156495452929,,,,,,
2023-01-09,,,451.0869111725781,451.2989347641601,,,,,,
2023-01-10,,,451.9335402229507,451.6908655223705,,,,,,
2023-01-11,,,452.14838018865055,451.8122828910838,,,,,,
2023-01-12,,,452.393244775012,451.9550767510035,,,,,,
2023-01-13,,,452.3835148096255,451.98284884352177,,,,,,
2023-01-16,,,452.87066637737547,452.24708226252017,,,,,,
2023-01-17,,,452.2367177039331,451.98803913196315,,,,,,
2023-01-18,,,451.8418380571742,451.8163325295955,,,,,,
2023-01-19,,,450.4692475868397,451.1573449348106,,,,,,
2023-01-20,,,449.230901804249,450.51013419889875,,,,,,
2023-01-23,,,448.521532295903,450.07382796194327,41.38,,,,,4.8293
2023-01-24,,,447.7659119426872,449.59502589068825,41.88,,,,,4.6914
2023-01-25,,,446.67884856688914,448.9361350839706,35.62,,,,,4.6814
2023-01-26,,,445.59133340275235,448.24531026293573,37.73,,,,,4.5243
2023-01-27,,,445.66035903309813,448.08195394716273,44.05,,,,,4.4914
2023-01-30,448.45,,445.5879961049292,447.8677351362618,34.9,458.5,438.41,,,4.1679
2023-01-31,448.22,,445.7852274734016,447.79382882987204,41.07,458.17,438.26,,,4.385
2023-02-01,448.03,,445.87519247749367,447.6883600276593,39.84,457.98,438.08,,,4.2843
2023-02-02,447.73,,445.92516286557156,447.5781111367216,41.25,457.5,437.96,,,4.0221
2023-02-03,447.41,,445.4243685785605,447.21454734881627,31.78,457.42,437.41,,,4.0379
2023-02-06,446.96,,444.8913887972435,446.8253216192743,38.39,457.09,436.83,,,3.5293
2023-02-07,446.27,,444.5880982130522,446.5360385363651,38.48,455.47,437.08,-1.9479,-1.9479,3.4964
2023-02-08,445.64,,443.99300618027496,446.10522086700473,45.55,454.53,436.76,-2.1122,-1.9808,3.1557
2023-02-09,445.45,,444.9048513833096,446.38779709907845,61.21,453.75,437.16,-1.4829,-1.8812,3.8007
2023-02-10,445.51,,446.2225665551082,446.91240472136894,62.72,454.02,437.0,-0.6898,-1.6429,3.8114
2023-02-13,445.57,,447.8329409312454,447.6366710383046,67.68,454.37,436.77,0.1963,-1.2751,3.9036
2023-02-14,446.17,,449.84018078797686,448.6176583688005,76.36,457.27,435.08,1.2225,-0.7756,3.985
2023-02-15,447.02,,452.42476835905734,449.95264663777823,81.47,461.36,432.68,2.4721,-0.126,4.4071
2023-02-16,448.23,,454.68403476535616,451.2235617016465,78.48,464.99,431.47,3.4605,0.5913,4.3293
2023-02-17,449.34,,456.198798647609,452.2092237978208,74.97,467.35,431.32,3.9896,1.2709,4.5064
2023-02-20,450.09,,456.7435988556691,452.76705907205627,65.38,468.54,431.64,3.9765,1.8121,4.5464
2023-02-21,450.61,,456.312275954797,452.8539435852373,58.03,468.87,432.35,3.4583,2.1413,5.2579
2023-02-22,451.62,,457.02731042328975,453.4543922085531,63.67,469.82,433.43,3.5729,2.4276,5.7643
2023-02-23,452.4,,456.74464728124514,453.58295574866025,61.13,469.75,435.06,3.1617,2.5744,5.7986
2023-02-24,452.9,,456.61931693028436,453.75681087838916,62.42,470.04,435.75,2.8625,2.6321,5.6714
2023-02-27,453.88,,457.8901912487022,454.5807508133233,67.09,471.42,436.34,3.3094,2.7675,6.2757
2023-02-28,454.88,,459.2609310565942,455.48588038270674,70.39,472.99,436.76,3.7751,2.969,6.3086
2023-03-01,455.91,,460.4638647401951,456.3447040580618,65.59,474.35,437.48,4.1192,3.1991,5.6464
2023-03-02,456.91,,461.35250093401123,457.07768894264984,62.2,475.3,438.52,4.2748,3.4142,5.5029
2023-03-03,457.76,,461.09365463647106,457.26971198393505,52.68,474.91,440.62,3.8239,3.4962,5.7936
2023-03-06,458.78,,461.2930923847063,457.64899257771765,51.39,474.33,443.24,3.6441,3.5257,5.9114
2023-03-07,459.69,,461.2618474024438,457.90388201640525,44.42,473.34,446.05,3.358,3.4922,5.6057
2023-03-08,460.98,,462.0723324174524,458.54285371889375,49.47,471.63,450.34,3.5295,3.4997,5.85
2023-03-09,461.69,,462.3704351224597,458.94782751749426,49.52,471.03,452.34,3.4226,3.4842,5.7479
2023-03-10,462.05,,462.1026758728505,459.0724328865688,50.84,470.58,453.51,3.0302,3.3934,5.7307
2023-03-13,462.36,453.68,462.22687958471965,459.35669711719333,59.02,470.51,454.2,2.8702,3.2888,5.5921
2023-03-14,462.56,453.95,462.65351349476276,459.7747195529568,54.51,470.77,454.36,2.8788,3.2068,5.3314
2023-03-15,462.56,454.28,463.2437421878762,460.27214773421923,63.94,470.75,454.37,2.9716,3.1598,5.01
2023-03-16,462.49,454.55,463.64470492820294,460.68532197612893,62.27,470.55,454.43,2.9594,3.1197,5.1707
2023-03-17,462.93,455.03,465.1270580161717,461.61826108900823,60.8,472.3,453.56,3.5088,3.1975,5.1907
2023-03-20,464.03,455.65,467.6767413982991,463.10579730463724,66.41,476.47,451.59,4.5709,3.4722,5.5257
2023-03-21,465.2,456.06,469.1757042600992,464.1661086154048,60.47,478.06,452.35,5.0096,3.7797,5.9171
2023-03-22,465.9,456.49,470.04713437393013,464.956767236486,58.41,479.28,452.52,5.0904,4.0418,6.1614
2023-03-23,466.68,456.84,470.17834447024853,465.39700670045,61.57,479.23,454.13,4.7813,4.1897,5.96
2023-03-24,467.4,457.2,470.1924453209795,465.75796916708333,58.49,478.96,455.83,4.4345,4.2387,6.0807
2023-03-27,467.88,457.58,470.8643768100596,466.4099714510031,63.63,479.81,455.96,4.4544,4.2818,6.2029
2023-03-28,468.3,458.1,471.52062653158885,467.05589949166955,59.65,480.64,455.96,4.4647,4.3184,5.6386
2023-03-29,469.12,458.78,473.3728378344213,468.2784254552496,69.38,483.2,455.05,5.0944,4.4736,6.0064
2023-03-30,470.21,459.68,475.61086278297194,469.7333569030089,76.53,486.51,453.9,5.8775,4.7544,5.925
2023-03-31,471.7,460.62,477.7507300471301,471.19903416945266,76.22,489.35,454.05,6.5517,5.1138,5.6657
2023-04-03,473.31,461.62,480.3536946552639,472.93762423097473,77.57,493.15,453.48,7.4161,5.5743,5.7764
2023-04-04,475.04,462.66,482.68697240060794,474.6103928064581,77.3,496.33,453.74,8.0766,6.0748,5.87
2023-04-05,476.12,463.61,483.5351304928221,475.6170303763501,68.67,497.79,454.45,7.9181,6.4434,6.3936
2023-04-06,477.1,464.49,483.54511041700334,476.20836145958344,59.05,498.23,455.97,7.3367,6.6221,6.0793
2023-04-07,478.48,465.34,484.2858626605413,477.10848283294763,56.24,498.69,458.28,7.1774,6.7331,5.7957
2023-04-10,479.89,466.25,485.31111455891954,478.13378040087747,63.09,499.42,460.36,7.1773,6.822,5.5836
2023-04-11,481.42,467.23,486.89555847293195,479.4283151859977,69.32,500.83,462.0,7.4672,6.951,5.6136
2023-04-12,482.81,468.19,488.05008793863476,480.5373288759238,73.03,501.72,463.91,7.5128,7.0634,5.6207
2023-04-13,483.6,468.9,487.07007440961405,480.6219711814109,59.04,500.76,466.45,6.4481,6.9403,6.4393
2023-04-14,483.96,469.65,486.0546783465965,480.6107140568619,54.92,500.5,467.43,5.444,6.6411,6.1886
2023-04-17,484.11,470.51,485.8324201394278,480.9069574600573,57.45,500.61,467.61,4.9255,6.2979,6.4936
2023-04-18,484.36,471.3,485.3212785795159,481.0257013519049,49.08,500.59,468.14,4.2956,5.8975,5.9879
2023-04-19,484.64,472.09,484.54877418266733,480.97194569620825,43.09,500.36,468.91,3.5768,5.4333,6.0721
2023-04-20,484.92,472.62,483.3181935391801,480.6443941631558,38.68,499.79,470.05,2.6738,4.8814,6.1357
2023-04-21,485.28,473.11,482.4323176100755,480.4159205214406,33.9,498.95,471.62,2.0164,4.3084,5.9543
2023-04-24,485.87,473.7,483.0181149008331,480.8473338161487,42.39,498.56,473.17,2.1708,3.8809,6.3957
2023-04-25,486.41,474.2,483.47994337762805,481.23049427421176,47.98,498.06,474.76,2.2494,3.5546,5.6743
2023-04-26,486.39,474.53,483.4199520887622,481.36823543908497,49.51,498.06,474.71,2.0517,3.254,5.5064
2023-04-27,486.19,474.87,483.5061133058757,481.5616994806343,45.47,497.89,474.49,1.9444,2.9921,5.4721
2023-04-28,485.66,475.15,482.8067112588179,481.36898100058727,38.19,497.68,473.65,1.4377,2.6812,5.8186
2023-05-01,484.94,475.56,482.3964479882306,481.2779453709141,33.64,496.4,473.47,1.1185,2.3687,5.7636
2023-05-02,484.07,476.05,481.7569944515797,481.052912380476,33.15,494.76,473.39,0.7041,2.0358,5.7257
2023-05-03,483.85,476.5,482.07130299749053,481.2564003522926,52.6,494.36,473.34,0.8149,1.7916,4.8771
2023-05-04,483.98,477.12,482.68187176710734,481.6107410669376,56.66,494.53,473.42,1.0711,1.6475,4.975
2023-05-05,484.01,477.78,483.6461991875523,482.1543898767941,55.34,494.61,473.4,1.4918,1.6164,4.8029
2023-05-08,483.78,478.21,484.0744762356212,482.4711017377723,54.78,493.95,473.61,1.6034,1.6138,4.9014
2023-05-09,483.68,478.75,485.5491721993718,483.29990901645584,64.51,493.4,473.96,2.2493,1.7409,4.9943
2023-05-10,483.38,479.18,485.9877610917762,483.67769353375536,62.46,492.02,474.75,2.3101,1.8547,5.0371
2023-05-11,483.64,479.59,486.12195169304135,483.9134199386624,59.67,492.37,474.91,2.2085,1.9255,5.0621
2023-05-12,483.92,480.12,486.10780527872726,484.0702036469096,49.74,492.58,475.26,2.0376,1.9479,4.6914
2023-05-15,484.29,480.71,487.01891215892306,484.65981819158293,56.53,493.68,474.9,2.3591,2.0301,5.4457
2023-05-16,484.35,481.16,486.51754105755026,484.5931649922064,50.65,493.71,475.0,1.9244,2.009,5.8914
2023-05-17,484.36,481.44,485.5871501256195,484.2877453631541,46.73,493.7,475.02,1.2994,1.8671,5.9886
2023-05-18,484.52,481.76,484.6860501062934,483.9501345955131,50.78,493.4,475.64,0.7359,1.6408,5.61
2023-05-19,484.83,482.22,484.55127316686367,483.9397542551047,53.5,493.1,476.57,0.6115,1.435,5.6721
2023-05-22,484.12,482.4,482.6110772950385,483.0508835695414,44.95,494.15,474.08,-0.4398,1.06,6.4021
2023-05-23,483.69,482.65,481.83552694195566,482.6448921940198,45.01,494.1,473.29,-0.8094,0.6861,6.51
2023-05-24,483.56,482.93,481.61006125857784,482.47638166112944,45.5,494.07,473.05,-0.8663,0.3756,6.645
2023-05-25,483.33,483.2,481.279282603412,482.2529459825273,42.22,493.99,472.67,-0.9737,0.1058,6.7129
2023-05-26,483.58,483.42,481.69939297211783,482.38309813196975,48.08,494.05,473.12,-0.6837,-0.0521,7.0157
2023-05-29,483.56,483.37,481.3687171302536,482.1732390110831,38.29,494.06,473.05,-0.8045,-0.2026,6.8186
2023-05-30,483.66,483.43,481.20122218713766,482.0329990843362,42.71,493.99,473.33,-0.8318,-0.3284,6.5286
2023-05-31,483.28,483.46,480.45180338911644,481.6105547077187,40.94,494.12,472.45,-1.1588,-0.4945,6.59
2023-06-01,482.62,483.5,479.2653720984831,480.953476581221,39.08,494.34,470.9,-1.6881,-0.7332,6.595
2023-06-02,481.61,483.47,477.64608408333186,480.0487746122417,30.22,494.46,468.76,-2.4027,-1.0671,6.2229
2023-06-05,480.87,483.41,476.71745576281927,479.4236801965201,38.64,494.25,467.49,-2.7062,-1.3949,6.0693
2023-06-06,480.15,483.49,477.10707795315477,479.41081499677784,48.95,492.1,468.19,-2.3037,-1.5767,6.2579
2023-06-07,479.78,483.44,477.71521980651556,479.5329768488684,51.13,491.1,468.46,-1.8178,-1.6249,6.4464
2023-06-08,479.5,483.3,478.2498013747439,479.6557193045077,47.62,490.35,468.65,-1.4059,-1.5811,6.0729
2023-06-09,478.96,483.02,477.79752424016795,479.33381417084047,53.44,489.51,468.42,-1.5363,-1.5721,5.5443
2023-06-12,478.36,482.73,478.14713589552673,479.3883464544819,52.6,486.96,469.76,-1.2412,-1.506,5.4271
2023-06-13,478.42,482.52,479.193730373138,479.80032079118695,54.57,487.2,469.65,-0.6066,-1.3261,5.6714
2023-06-14,478.7,482.48,480.2577718541937,480.26770443628425,56.6,488.1,469.31,-0.0099,-1.0628,5.4886
2023-06-15,478.78,482.43,480.4027300304716,480.33676336692986,47.23,488.23,469.33,0.066,-0.8371,5.5307
2023-06-16,478.66,482.29,480.5592331027068,480.41700311752766,52.01,487.9,469.42,0.1422,-0.6412,5.3764
2023-06-19,479.05,482.07,480.45473570229035,480.3772251088219,49.58,487.74,470.37,0.0775,-0.4975,5.4564
2023-06-20,479.55,481.9,481.5293917480918,480.90039361927955,60.9,488.97,470.12,0.629,-0.2722,5.99
2023-06-21,480.06,481.83,482.93102378684694,481.6218459437774,67.7,490.71,469.41,1.3092,0.0441,6.0607
2023-06-22,480.68,482.03,484.28778935810124,482.37207957757164,74.13,492.53,468.82,1.9157,0.4184,5.7843
2023-06-23,480.78,482.14,484.5773602260857,482.65340701627,64.45,492.81,468.76,1.924,0.7195,5.6586
2023-06-26,481.0,482.13,484.47315096053404,482.74574723728705,55.17,493.09,468.92,1.7274,0.9211,5.2764
2023-06-27,480.76,481.99,483.08035850506724,482.20309929378425,44.54,493.1,468.42,0.8773,0.9123,5.5507
2023-06-28,480.48,481.8,481.17876488890306,481.3524993460966,40.69,493.48,467.48,-0.1737,0.6951,6.0714
2023-06-29,480.0,481.53,478.42049336753337,480.01157346860793,39.57,494.77,465.24,-1.5911,0.2379,6.2114
2023-06-30,479.59,481.19,475.6450328494513,478.55738284130365,32.4,496.06,463.11,-2.9123,-0.3921,6.0014
2023-07-03,479.34,480.8,474.2688739495357,477.6790581863923,34.1,496.45,462.23,-3.4102,-0.9958,6.2179
2023-07-04,478.56,480.35,472.63366257268405,476.6391279503632,31.05,497.06,460.06,-4.0055,-1.5977,6.3393
2023-07-05,477.81,480.01,471.61771448457876,475.8532666207067,36.64,497.08,458.53,-4.2356,-2.1253,6.2386
2023-07-06,477.01,479.63,470.6472968715666,475.0722839080617,35.94,497.0,457.03,-4.425,-2.5852,6.0829
2023-07-07,476.63,479.41,470.17694350671024,474.51804065561265,39.41,497.05,456.21,-4.3411,-2.9364,6.3171
2023-07-10,476.24,479.25,470.50510604413944,474.35448208853023,36.29,496.68,455.8,-3.8494,-3.119,5.8671
2023-07-11,475.52,479.1,470.51508972965644,474.07415008197245,31.32,495.68,455.37,-3.5591,-3.207,6.2536
2023-07-12,474.86,478.88,470.88661438663235,473.98939822404856,32.88,494.41,455.31,-3.1028,-3.1862,6.435
2023-07-13,474.56,478.66,471.5286737117658,474.0687020593042,39.22,493.88,455.23,-2.54,-3.0569,6.2021
2023-07-14,474.18,478.36,471.88887775610954,474.0539833882446,40.06,493.23,455.13,-2.1651,-2.8786,6.2729
2023-07-17,474.02,478.17,472.6444350244004,474.2573920261524,51.54,492.93,455.12,-1.613,-2.6255,6.0407
2023-07-18,473.59,477.87,473.59913732833877,474.59758520940034,59.63,491.59,455.6,-0.9984,-2.3,5.69
2023-07-19,473.08,477.71,474.63003927782506,475.0199863050003,73.54,489.54,456.62,-0.3899,-1.918,5.2393
2023-07-20,472.49,477.57,475.44387938892896,475.3829502824077,78.97,486.83,458.14,0.0609,-1.5222,5.1121
2023-07-21,472.02,477.38,475.66174409832456,475.4923613725997,66.68,485.04,459.0,0.1694,-1.1839,4.6529
2023-07-24,471.83,477.15,476.35378346781306,475.8381123820368,76.91,484.23,459.44,0.5157,-0.844,4.7957
2023-07-25,471.85,476.99,476.24858601122645,475.825659612997,64.7,484.26,459.43,0.4229,-0.5906,4.6486
2023-07-26,472.19,476.93,476.4580343171916,475.95783297499725,68.08,484.85,459.53,0.5002,-0.3724,5.1086
2023-07-27,473.15,476.98,477.3875674991621,476.4424379398123,70.35,485.88,460.43,0.9451,-0.1089,4.9893
2023-07-28,474.48,477.04,478.8433263454449,477.21336846278916,70.05,487.11,461.84,1.63,0.2388,5.0671
2023-07-31,475.51,477.35,480.15512229229955,477.9657115396196,73.97,488.83,462.19,2.1894,0.629,4.4921
2023-08-01,476.43,477.44,480.4389496319458,478.26454772187,61.92,488.8,464.05,2.1744,0.938,4.5829
2023-08-02,477.32,477.51,480.96680353472334,478.6797664091389,61.66,489.1,465.54,2.287,1.2078,4.6186
2023-08-03,478.11,477.54,480.9842183755352,478.85756148994346,59.15,488.53,467.68,2.1267,1.3916,4.7414
2023-08-04,478.53,477.39,480.22356939468364,478.64885323142914,49.08,487.78,469.28,1.5747,1.4282,5.0029
2023-08-07,478.58,477.26,479.14302025704,478.2452344735455,43.32,487.7,469.45,0.8978,1.3221,5.0693
2023-08-08,478.61,477.08,477.94409406364923,477.73447636439397,39.52,487.61,469.62,0.2096,1.0996,5.3264
2023-08-09,478.72,477.06,477.5080795923186,477.5400707077722,44.78,487.47,469.97,-0.032,0.8733,5.5579
2023-08-10,479.02,477.22,478.04529811657727,477.79636176645573,54.23,487.65,470.39,0.2489,0.7484,5.7636
2023-08-11,479.06,477.34,477.51217532941155,477.5581127467183,44.64,487.6,470.51,-0.0459,0.5896,6.0293
2023-08-14,478.89,477.37,476.89491758642515,477.25751180251694,47.77,487.74,470.04,-0.3626,0.3991,5.7493
2023-08-15,478.73,477.3,476.7141610346674,477.14362203936753,48.07,487.7,469.77,-0.4295,0.2334,5.5143
2023-08-16,478.49,477.19,476.50121318318014,477.009279666081,41.92,487.54,469.43,-0.5081,0.0851,5.5786
2023-08-17,478.22,477.06,476.2056419242293,476.82933302414904,34.96,487.41,469.03,-0.6237,-0.0567,5.1857
2023-08-18,477.53,476.81,474.17708162819406,475.80641946680464,26.51,488.96,466.09,-1.6293,-0.3712,5.9386
2023-08-21,476.93,476.57,473.254453685395,475.2414995063006,36.61,489.02,464.84,-1.987,-0.6943,5.9429
2023-08-22,476.58,476.25,472.57069157994965,474.76509213546353,35.05,489.2,463.97,-2.1944,-0.9944,6.0879
2023-08-23,476.09,475.88,471.81673902918817,474.23952975505887,36.24,489.3,462.87,-2.4228,-1.28,5.965
2023-08-24,475.27,475.58,470.93570225546694,473.6358608843138,39.01,488.84,461.7,-2.7002,-1.5641,5.7771
2023-08-25,474.05,475.2,469.64559421616434,472.8146860039942,38.42,487.61,460.5,-3.1691,-1.8851,5.85
2023-08-28,472.96,474.92,469.0155027982929,472.27656111480945,43.85,485.48,460.44,-3.2611,-2.1603,5.8893
2023-08-29,472.49,474.62,469.5731177524017,472.3034825137125,47.55,484.27,460.72,-2.7304,-2.2743,6.0471
2023-08-30,471.7,474.17,469.33725348280143,471.98766899417825,36.82,482.33,461.08,-2.6504,-2.3495,6.0636
2023-08-31,470.89,473.63,468.6469067931397,471.45895277238725,39.41,480.96,460.82,-2.812,-2.442,5.7171
2023-09-01,470.21,473.16,467.6950749788105,470.7923636781363,38.31,480.65,459.78,-3.0973,-2.5731,5.9493
2023-09-04,469.35,472.6,465.89737113591656,469.6973737760522,30.85,481.45,457.25,-3.8,-2.8185,6.1107
2023-09-05,468.73,472.27,464.82700634577554,468.9005312741224,34.83,481.64,455.82,-4.0735,-3.0695,6.0021
2023-09-06,467.59,471.9,462.89515921565624,467.6686400686318,31.39,482.07,453.11,-4.7735,-3.4103,6.4921
2023-09-07,466.59,471.86,462.6189808747861,467.18207413762207,48.32,479.88,453.31,-4.5631,-3.6408,6.4186
2023-09-08,465.81,471.83,462.0545222786651,466.5722908681686,41.48,478.96,452.67,-4.5178,-3.8162,6.2043
2023-09-11,465.17,471.71,461.82921115887046,466.12915821126717,42.55,477.99,452.35,-4.2999,-3.913,6.1007
2023-09-12,464.67,471.75,462.42779405750576,466.0988501956178,48.35,476.5,452.84,-3.6711,-3.8646,6.3571
2023-09-13,464.36,471.81,463.4650565101972,466.32634277372017,52.52,475.31,453.41,-2.8613,-3.6639,6.245
2023-09-14,463.93,471.82,463.8535093547822,466.30142849418536,52.83,473.81,454.05,-2.4479,-3.4207,6.2807
2023-09-15,463.52,471.57,462.4652771463542,465.4516930501716,42.22,474.21,452.83,-2.9864,-3.3339,6.7707
2023-09-18,463.35,471.42,462.82446527768434,465.40341949089964,44.54,473.84,452.87,-2.579,-3.1829,6.9621
2023-09-19,463.35,471.38,463.72839369650217,465.6476106397219,50.46,473.82,452.87,-1.9192,-2.9302,6.8093
2023-09-20,463.54,471.35,464.93941005088647,466.0885283701129,54.77,474.49,452.59,-1.1491,-2.5739,6.685
2023-09-21,463.75,471.26,465.741039273827,466.3893781204749,55.51,475.04,452.45,-0.6483,-2.1888,6.6171
2023-09-22,464.08,471.16,466.2885716932382,466.60497974118044,60.35,475.63,452.54,-0.3164,-1.8143,6.4943
2023-09-25,463.9,470.86,465.59648374043235,466.24831457516706,52.07,475.46,452.33,-0.6518,-1.5818,6.8893
2023-09-26,462.89,470.34,463.60164008805816,465.2395505325621,50.25,474.73,451.05,-1.6379,-1.593,7.1736
2023-09-27,462.3,469.86,462.4583108437415,464.5677319745945,46.26,474.24,450.36,-2.1094,-1.6963,6.6043
2023-09-28,461.57,469.26,460.5693399447043,463.5019740505504,43.72,474.6,448.53,-2.9326,-1.9436,6.9214
2023-09-29,461.11,468.79,459.4540568762883,462.7477537505097,44.9,474.65,447.57,-3.2937,-2.2136,6.9714
2023-10-02,460.87,468.21,458.1734327414747,461.8871793986201,39.33,474.95,446.78,-3.7137,-2.5136,6.6793
2023-10-03,460.58,467.76,457.4036738581709,461.24146240612976,38.06,475.06,446.09,-3.8378,-2.7785,6.7443
2023-10-04,460.72,467.31,457.06310864922153,460.7932059316016,41.8,474.91,446.54,-3.7301,-2.9688,6.5314
2023-10-05,460.79,466.91,457.88263039549514,460.9114869737052,56.11,474.99,446.58,-3.0289,-2.9808,6.6593
2023-10-06,461.24,466.53,459.4391487961882,461.43656201269005,52.78,475.77,446.71,-1.9974,-2.7841,6.3757
2023-10-09,461.71,466.18,461.0531259044669,462.0657055673056,51.11,476.74,446.67,-1.0126,-2.4298,6.4243
2023-10-10,462.14,466.03,463.1095680730105,462.9808384882459,52.47,478.14,446.15,0.1287,-1.9181,6.5207
2023-10-11,462.53,465.89,465.2296345233166,464.0111467483759,55.8,479.58,445.48,1.2185,-1.2908,6.5193
2023-10-12,463.3,465.9,467.71584459665246,465.2984692114592,59.78,482.29,444.31,2.4174,-0.5492,6.7971
2023-10-13,464.6,465.99,469.7241761971675,466.4445085291289,67.29,484.66,444.53,3.2797,0.2166,6.3043
2023-10-16,465.51,466.19,471.7866106283725,467.6804708603045,81.7,487.22,443.8,4.1061,0.9945,5.67
2023-10-17,466.22,466.42,473.50251668554597,468.8108063521338,79.91,489.27,443.18,4.6917,1.734,5.8143
2023-10-18,466.52,466.47,474.12212950315427,469.456672548272,80.96,490.01,443.04,4.6655,2.3203,5.7143
2023-10-19,466.78,466.36,474.297186502669,469.8865486558074,75.33,490.54,443.02,4.4106,2.7383,5.6571
2023-10-20,467.49,466.54,475.72223473302756,470.89939690352537,82.82,492.4,442.58,4.8228,3.1552,6.275
2023-10-23,468.67,466.78,477.20650631256177,471.97129342919015,82.74,494.65,442.69,5.2352,3.5712,5.97
2023-10-24,470.33,466.98,478.54396687985997,473.00304947147237,82.2,496.25,444.41,5.5409,3.9652,5.8593
2023-10-25,471.52,467.07,478.7510488983431,473.513193955067,68.82,496.87,446.16,5.2379,4.2197,5.4929
2023-10-26,473.16,467.24,479.4016567601364,474.2144388472842,67.03,496.89,449.42,5.1872,4.4132,5.3943
2023-10-27,474.64,467.64,479.95370956626925,474.864480414152,65.53,496.81,452.47,5.0892,4.5484,5.1129
2023-10-30,476.36,467.98,480.8069850176124,475.6522966797704,63.82,496.05,456.67,5.1547,4.6697,5.0221
2023-10-31,478.05,468.35,481.7643719379798,476.4950895183059,62.95,494.97,461.14,5.2693,4.7896,4.88
2023-11-01,479.75,468.78,482.9006224090598,477.4324902947277,60.55,493.53,465.97,5.4681,4.9253,4.5671
2023-11-02,480.86,469.15,483.15129588458905,477.9582317543775,54.61,492.09,469.63,5.1931,4.9789,4.9393
2023-11-03,481.82,469.64,483.78648113311385,478.6487331059051,55.04,491.62,472.02,5.1377,5.0106,5.13
2023-11-06,482.53,470.01,483.8316378818656,479.0510491721343,51.29,490.61,474.45,4.7806,4.9646,5.03
2023-11-07,482.98,470.23,483.7606166692709,479.37097145567986,57.4,490.1,475.85,4.3896,4.8496,4.7014
2023-11-08,483.17,470.48,483.29898333553695,479.4738624589628,56.91,489.79,476.55,3.8251,4.6447,4.695
2023-11-09,482.9,470.7,482.17760128391586,479.21728005459516,39.59,490.23,475.58,2.9603,4.3078,4.2814
2023-11-10,482.69,470.99,481.3148933940827,479.02118523573625,37.43,490.5,474.89,2.2937,3.905,4.3486
2023-11-13,482.47,471.44,480.9218328719161,479.00183818123725,40.26,490.47,474.48,1.92,3.508,4.4693
2023-11-14,482.07,471.76,479.9907816608521,478.6957760937382,42.73,490.75,473.39,1.295,3.0654,4.15
2023-11-15,482.02,472.25,479.466046020721,478.5390519386464,40.35,490.82,473.23,0.927,2.6377,3.9214
2023-11-16,482.03,472.53,478.8420389406101,478.3072703135615,38.96,490.8,473.26,0.5348,2.2171,4.0
2023-11-17,481.67,472.88,478.4678791035932,478.1667317718162,36.15,490.76,472.58,0.3011,1.8339,3.9993
2023-11-20,481.01,473.11,477.49897462611733,477.72252941834836,29.08,490.85,471.17,-0.2236,1.4224,4.3664
2023-11-21,480.37,473.26,476.8252862220993,477.3816013132855,26.67,490.53,470.21,-0.5563,1.0267,4.1257
2023-11-22,479.74,473.22,475.3460114186994,476.6281493641532,25.7,491.49,467.99,-1.2821,0.5649,4.0393
2023-11-23,478.99,473.26,474.2143173542841,475.98828644829,21.35,491.74,466.24,-1.774,0.0971,4.0557
2023-11-24,478.09,473.46,472.78903776131733,475.17063560026855,21.46,492.13,464.05,-2.3816,-0.3986,3.93
2023-11-27,477.07,473.47,471.60149349034543,474.42244037061903,22.21,491.79,462.34,-2.8209,-0.8831,4.0921
2023-11-28,475.98,473.4,470.6412637226,473.7511484913139,24.84,490.81,461.15,-3.1099,-1.3284,4.0564
2023-11-29,474.89,473.32,470.13799238066156,473.2784708252907,34.49,488.82,460.97,-3.1405,-1.6908,3.7857
2023-11-30,474.07,473.27,469.80445509132903,472.88525076415806,34.59,487.54,460.59,-3.0808,-1.9688,3.815
2023-12-01,473.15,473.27,469.67453892343224,472.5944914482945,31.65,485.27,461.03,-2.92,-2.1591,3.7736
2023-12-04,472.49,473.45,469.8492252429042,472.462306896569,41.77,483.49,461.49,-2.6131,-2.2499,3.7579
2023-12-05,471.56,473.69,469.08626751322663,471.9013952746009,29.75,481.79,461.33,-2.8151,-2.3629,4.1357
2023-12-06,470.82,473.89,468.60376481888403,471.46055118018603,33.55,480.37,461.28,-2.8568,-2.4617,4.1057
2023-12-07,470.06,474.1,467.3954933082865,470.6671770186908,26.24,480.27,459.84,-3.2717,-2.6237,4.3007
2023-12-08,469.17,474.21,466.05772510701166,469.7807194617507,28.11,480.08,458.25,-3.723,-2.8436,4.3986
2023-12-11,468.38,474.45,465.58730585977906,469.27844394606547,35.17,478.64,458.12,-3.6911,-3.0131,4.735
2023-12-12,467.81,474.65,465.2800280351977,468.8570777278384,43.72,477.8,457.82,-3.577,-3.1259,4.335
2023-12-13,467.02,474.76,464.575408337475,468.2528497479985,38.21,476.59,457.45,-3.6774,-3.2362,4.3457
2023-12-14,466.3,474.74,464.0161147470942,467.71115717407264,42.87,475.37,457.22,-3.695,-3.3279,4.1493
2023-12-15,465.21,474.47,462.5736355552335,466.74292330932656,34.79,474.4,456.02,-4.1693,-3.4962,4.5207
2023-12-18,464.01,474.03,460.36076854673604,465.36863269382087,28.78,475.37,452.64,-5.0079,-3.7985,4.9393
2023-12-19,462.57,473.43,457.9114195395459,463.81836360538966,22.83,476.13,449.02,-5.9069,-4.2202,5.1679
2023-12-20,461.93,472.98,457.35427807192343,463.11255889387934,36.7,475.78,448.08,-5.7583,-4.5278,5.6514
2023-12-21,461.01,472.35,456.16438913778137,462.1131100869253,32.46,475.58,446.43,-5.9487,-4.812,6.1029
2023-12-22,460.26,471.73,455.2175600396612,461.2165834138197,30.62,475.5,445.02,-5.999,-5.0494,6.0371
2023-12-25,459.25,470.97,453.6210123412518,460.0035031609442,31.05,475.78,442.72,-6.3825,-5.316,6.0543
2023-12-26,458.51,470.32,453.1531642887515,459.3054658897631,36.66,475.21,441.81,-6.1523,-5.4833,6.5586
2023-12-27,457.74,469.81,452.9619082443282,458.7576536016325,41.77,474.14,441.34,-5.7957,-5.5458,6.5629
2023-12-28,456.84,469.3,452.4939223605854,458.1030125941042,41.82,472.85,440.82,-5.6091,-5.5584,6.2157
2023-12-29,456.0,468.67,452.445626612803,457.66427092046683,39.52,471.07,440.93,-5.2186,-5.4905,5.9757
2024-01-01,455.07,468.01,452.41245328775636,457.26173233376556,38.88,468.49,441.64,-4.8493,-5.3622,5.9379
2024-01-02,453.9,467.12,450.7366912434862,456.09567808682,33.72,467.79,440.01,-5.359,-5.3616,6.5479
2024-01-03,453.04,466.5,450.43720028294985,455.5545167470556,40.79,465.87,440.21,-5.1173,-5.3127,7.0879
2024-01-04,452.58,465.87,450.60224639326526,455.2549229139404,47.49,464.9,440.26,-4.6527,-5.1807,6.7093
2024-01-05,452.23,465.24,450.76190079430137,454.9871508462411,53.08,464.21,440.25,-4.2253,-4.9896,6.3979
2024-01-08,451.57,464.53,450.6139160567165,454.60291745022323,54.95,462.45,440.68,-3.989,-4.7895,6.2571
2024-01-09,450.71,463.72,449.9656212787601,453.9952939353919,41.72,460.22,441.19,-4.0297,-4.6375,6.0093
2024-01-10,450.35,463.0,450.5078333897201,453.9578647549925,53.86,458.75,441.94,-3.45,-4.4,6.0071
2024-01-11,450.04,462.41,451.16355132976315,454.01802292128934,54.67,457.16,442.92,-2.8545,-4.0909,5.8857
2024-01-12,450.24,461.84,452.33377420210724,454.3700212234161,63.98,458.13,442.36,-2.0362,-3.68,5.9664
2024-01-15,450.8,461.34,453.41319355562916,454.7389085402001,59.82,459.6,442.01,-1.3257,-3.2091,5.3386
2024-01-16,451.79,460.96,455.07116377784007,455.43898938907415,62.75,461.91,441.67,-0.3678,-2.6409,5.4486
2024-01-17,452.39,460.67,456.8002155043262,456.2442494343279,66.97,464.39,440.39,0.556,-2.0015,5.5757
2024-01-18,453.36,460.53,458.6740285036607,457.18763836511846,67.25,467.37,439.35,1.4864,-1.3039,5.6021
2024-01-19,454.42,460.42,460.6026395030975,458.2263318195541,68.65,470.43,438.41,2.3763,-0.5679,6.1936
2024-01-22,455.68,460.25,462.05300265646713,459.10067761069826,84.47,472.46,438.9,2.9523,0.1362,5.4314
2024-01-23,456.41,460.05,462.53869455547215,459.5532200099058,71.11,473.53,439.29,2.9855,0.706,5.3929
2024-01-24,456.89,459.75,462.36504923924565,459.69075926843124,62.38,474.01,439.76,2.6743,1.0997,5.6879
2024-01-25,457.29,459.4,461.6904262793617,459.56403635965853,57.32,474.1,440.48,2.1264,1.305,5.635
2024-01-26,457.42,458.97,460.6318991594599,459.21188551820234,55.62,474.1,440.74,1.42,1.328,5.7557
2024-01-29,457.41,458.57,459.2992992887738,458.67544955389104,56.32,474.1,440.71,0.6238,1.1872,5.6864
2024-01-30,457.97,458.16,458.29325324434706,458.23726810545463,49.03,473.1,442.84,0.056,0.9609,5.225
2024-01-31,458.15,457.86,457.3958296682937,457.8093223198654,46.86,472.9,443.41,-0.4135,0.6861,5.1764
2024-02-01,457.89,457.43,455.6964712577869,456.96048362950495,34.03,473.29,442.5,-1.264,0.296,5.3764
2024-02-02,457.5,457.01,453.8662449104351,455.9856329902824,30.97,473.94,441.07,-2.1194,-0.187,5.5114
2024-02-05,457.02,456.51,451.76528415498353,454.8170675835948,19.72,474.9,439.15,-3.0518,-0.76,5.2736
2024-02-06,456.81,456.04,450.27062505421685,453.8713588736989,19.15,475.32,438.29,-3.6007,-1.3281,5.0643
2024-02-07,456.34,455.58,449.31975966126043,453.14681377194347,17.83,475.66,437.01,-3.8271,-1.8279,5.285
2024-02-08,455.94,455.16,448.92902740568195,452.6751979369847,18.8,475.73,436.15,-3.7462,-2.2116,5.1079
2024-02-09,455.33,454.71,448.59225395865394,452.2355536453562,19.36,475.49,435.18,-3.6433,-2.4979,4.9393
2024-02-12,454.7,454.23,448.2795995034764,451.81514226421876,22.06,475.12,434.27,-3.5355,-2.7054,4.67
2024-02-13,454.05,453.95,448.7381226567877,451.7740206150174,35.19,474.03,434.07,-3.0359,-2.7715,4.5729
2024-02-14,453.46,453.72,449.62764224805113,451.97742649538645,44.93,472.59,434.33,-2.3498,-2.6872,4.5836
2024-02-15,452.51,453.51,449.6987742098894,451.8376171253578,43.33,470.23,434.8,-2.1388,-2.5775,4.6057
2024-02-16,451.24,453.25,449.0758858699064,451.37927511607205,41.45,466.84,435.64,-2.3034,-2.5227,4.9786
2024-02-19,449.91,452.86,448.227288043767,450.80006955191857,37.98,463.11,436.72,-2.5728,-2.5327,5.2443
2024-02-20,448.8,452.45,447.421551421649,450.2215458814061,37.71,460.19,437.41,-2.8,-2.5862,5.1243
2024-02-21,447.48,451.94,445.5074665875492,449.0925424827834,35.94,458.84,436.12,-3.5851,-2.786,4.8936
2024-02-22,446.14,451.34,443.29862557408006,447.76346526183653,34.84,458.57,433.71,-4.4648,-3.1217,5.005
2024-02-23,444.94,450.86,441.37883702422164,446.50839376095973,37.79,458.43,431.45,-5.1296,-3.5233,4.8086
2024-02-26,444.05,450.58,440.2805544051106,445.5996238527405,40.24,457.92,430.18,-5.3191,-3.8825,5.04
2024-02-27,443.18,450.4,439.5112383427859,444.835207271056,38.71,456.94,429.42,-5.324,-4.1708,4.8114
2024-02-28,442.13,449.94,438.2633555208188,443.8400067324593,30.88,456.12,428.13,-5.5767,-4.452,4.6143
2024-02-29,441.47,449.62,437.4936085176159,443.05630253005495,33.97,455.85,427.09,-5.5627,-4.6741,4.6529
2024-03-01,440.96,449.29,436.8792072072134,442.34842826856936,34.49,455.72,426.2,-5.4692,-4.8331,4.4243
2024-03-04,440.7,449.09,436.6100984061037,441.81372987830497,29.34,455.69,425.71,-5.2036,-4.9072,4.1207
2024-03-05,440.29,448.76,436.18854480516467,441.22530544287497,22.12,455.57,425.02,-5.0368,-4.9331,4.075
2024-03-06,440.25,448.58,437.2579994505239,441.3671346693287,41.7,455.48,425.01,-4.1091,-4.7683,4.4307
2024-03-07,440.09,448.46,438.2429226119818,441.53697654567475,47.38,455.1,425.08,-3.2941,-4.4735,3.8029
2024-03-08,439.99,448.31,439.25631913321536,441.7809042089581,51.71,454.85,425.14,-2.5246,-4.0837,3.6071
2024-03-11,440.02,448.2,440.4445777281053,442.16602241570195,55.17,454.91,425.12,-1.7214,-3.6112,3.8886
2024-03-12,439.67,448.26,441.03925807762755,442.3248355700944,64.02,453.77,425.57,-1.2856,-3.1461,3.54
2024-03-13,439.25,448.21,441.81321837337714,442.6022551574948,73.91,451.9,426.59,-0.789,-2.6747,3.3729
2024-03-14,438.73,447.97,441.51426170054987,442.3998658865693,62.21,450.33,427.14,-0.8856,-2.3169,3.6986
2024-03-15,438.28,447.67,440.76129836200374,441.97172767274935,53.22,449.44,427.13,-1.2104,-2.0956,3.555
2024-03-18,437.9,447.4,440.02263707554164,441.526414511805,50.93,448.82,426.99,-1.5038,-1.9772,3.4936
2024-03-19,437.5,447.17,439.2530006023814,441.0444578813009,55.39,448.22,426.79,-1.7915,-1.9401,3.3129
2024-03-20,437.74,446.89,439.326385125092,440.94709063083417,58.88,448.43,427.06,-1.6207,-1.8762,3.6379
2024-03-21,437.89,446.48,438.516172028924,440.4369357692909,50.67,448.27,427.5,-1.9208,-1.8851,4.1443
2024-03-22,438.08,446.0,437.9336840244742,440.01419978638046,49.51,448.04,428.12,-2.0805,-1.9242,4.4293
2024-03-25,438.39,445.62,438.3038864822474,440.0383331355374,57.15,448.23,428.55,-1.7344,-1.8862,4.7586
2024-03-26,438.84,445.22,439.227903946517,440.35475290327537,51.46,448.9,428.78,-1.1268,-1.7344,4.4636
2024-03-27,439.37,444.73,439.64361103166823,440.4714378734031,47.93,448.88,429.85,-0.8278,-1.553,4.6557
2024-03-28,439.95,444.25,440.4692093344885,440.8076276605584,50.21,449.33,430.58,-0.3384,-1.3101,4.7407
2024-03-29,440.41,443.68,440.80625405225953,440.94484042644297,45.08,449.34,431.48,-0.1386,-1.0758,4.6064
2024-04-01,440.48,443.01,440.1545226596042,440.6207781726324,41.83,449.26,431.71,-0.4663,-0.9539,4.8679
2024-04-02,440.07,442.22,437.91690378889587,439.50886867836334,31.91,450.73,429.41,-1.592,-1.0815,5.7686
2024-04-03,439.39,441.58,436.62199551368116,438.7674709984846,40.44,450.93,427.85,-2.1455,-1.2943,5.6514
2024-04-04,438.38,440.9,434.613996203884,437.6417324060043,38.53,451.72,425.05,-3.0277,-1.641,6.0243
2024-04-05,437.73,440.44,434.1841506340557,437.2104929685225,46.79,451.01,424.45,-3.0263,-1.9181,6.555
2024-04-08,436.91,440.0,433.60812745958555,436.7089749708542,46.47,449.82,424.0,-3.1008,-2.1546,6.5929
2024-04-09,436.35,439.61,433.55303092734164,436.45275460264276,44.86,448.87,423.84,-2.8997,-2.3036,6.5179
2024-04-10,435.79,439.26,433.74794924621216,436.33180981726184,50.64,447.45,424.13,-2.5839,-2.3597,6.1379
2024-04-11,435.05,438.84,432.41134166987183,435.4968609419091,42.89,447.48,422.63,-3.0855,-2.5048,6.8157
2024-04-12,434.14,438.33,430.2495967975839,434.22746383510105,34.1,448.59,419.68,-3.9779,-2.7995,6.7443
2024-04-15,433.49,437.98,429.1296588287248,433.39357762509354,34.7,448.74,418.23,-4.2639,-3.0923,6.8757
2024-04-16,432.67,437.52,427.52663439353637,432.30590520842,33.79,449.27,416.08,-4.7793,-3.4297,6.9771
2024-04-17,431.62,437.01,426.1563829483769,431.2921344522407,30.78,448.99,414.24,-5.1358,-3.7709,6.9507
2024-04-18,431.21,436.59,426.10463172554967,430.88679115948213,38.54,448.72,413.69,-4.7822,-3.9732,7.4643
2024-04-19,431.01,436.27,426.8193037677728,430.876658481002,45.98,448.45,413.56,-4.0574,-3.99,7.4843
2024-04-22,430.85,436.08,428.4224878035,431.34801711203886,58.57,448.0,413.71,-2.9255,-3.7771,7.2871
2024-04-23,430.44,435.78,429.6128742952692,431.7044602889249,55.12,446.6,414.29,-2.0916,-3.44,7.2993
2024-04-24,430.3,435.47,431.0816628652278,432.25672248974524,62.55,446.09,414.52,-1.1751,-2.987,6.9107
2024-04-25,429.82,435.18,431.747560885962,432.49029860161596,53.11,444.25,415.4,-0.7427,-2.5382,6.6021
2024-04-26,429.67,435.06,432.95562844196786,433.0169431496444,57.58,443.58,415.76,-0.0613,-2.0428,6.8571
2024-04-29,429.3,434.77,432.35322406628046,432.7223547681893,46.91,442.82,415.77,-0.3691,-1.7081,7.3943
2024-04-30,429.75,434.6,432.7050357483912,432.8644025631382,49.88,443.36,416.14,-0.1594,-1.3983,7.7507
2024-05-01,430.3,434.71,433.9104148640233,433.432965336239,61.32,444.74,415.86,0.4774,-1.0232,7.0943
2024-05-02,431.44,435.01,435.8241971926351,434.3897827187398,70.74,447.18,415.7,1.4344,-0.5317,7.1614
2024-05-03,432.0,435.26,436.9435514706912,435.0349839988331,65.22,448.59,415.42,1.9086,-0.0436,6.9371
2024-05-06,432.77,435.49,438.29531278289255,435.827207406327,70.95,450.42,415.11,2.4681,0.4587,7.07
2024-05-07,433.3,435.66,439.16526466244756,436.4288957465991,69.14,451.65,414.95,2.7364,0.9143,7.0429
2024-05-08,433.66,435.88,439.61368548360946,436.8474960616658,63.36,452.43,414.9,2.7662,1.2847,6.7379
2024-05-09,434.41,436.01,439.65465694766954,437.0721259830239,57.86,452.9,415.91,2.5825,1.5442,6.4414
2024-05-10,435.41,436.11,439.4754789557204,437.1771536879851,51.18,452.36,418.46,2.2983,1.695,5.7443
2024-05-13,436.32,436.23,439.7177129625327,437.46403119257883,54.49,452.38,420.26,2.2537,1.8068,5.82
2024-05-14,437.42,436.37,439.8780648144507,437.7081770301656,51.54,451.26,423.57,2.1699,1.8794,5.7386
2024-05-15,438.65,436.37,440.38605484299677,438.11349725015333,57.7,449.51,427.79,2.2726,1.958,5.705
2024-05-16,439.7,436.43,441.3928156363819,438.7665715279198,57.33,449.35,430.06,2.6262,2.0917,5.5807
2024-05-17,440.73,436.56,442.91853630770777,439.6957143777035,75.4,450.74,430.72,3.2228,2.3179,5.0714
2024-05-20,441.55,436.69,444.56337687575274,440.7264022015773,73.4,452.93,430.16,3.837,2.6217,4.7943
2024-05-21,442.39,436.87,445.8659342794831,441.63777981627527,67.74,454.57,430.21,4.2282,2.943,4.4264
2024-05-22,443.03,436.98,446.7850213134088,442.3934998298845,58.97,455.8,430.25,4.3915,3.2327,4.0386
2024-05-23,443.82,437.21,447.4780949574997,443.05249984248564,64.68,456.58,431.06,4.4256,3.4713,3.8364
2024-05-24,444.48,437.54,448.30146496403825,443.77675911341265,63.25,457.68,431.28,4.5247,3.682,3.4957
2024-05-27,445.33,437.74,447.9550857388016,443.94514732723394,53.3,456.35,434.31,4.0099,3.7476,4.0586
2024-05-28,445.84,437.93,447.4666110097552,444.0069882659573,54.33,455.66,436.02,3.4596,3.69,3.8771
2024-05-29,446.3,438.13,447.8225170082544,444.4346187647753,64.56,455.94,436.67,3.3879,3.6296,4.1957
2024-05-30,446.57,438.49,448.4328990069845,444.9794618192364,69.21,456.52,436.63,3.4534,3.5943,4.2664
2024-05-31,446.85,438.77,448.45245300590994,445.2446868696634,60.64,456.69,437.0,3.2078,3.517,4.285
2024-06-03,447.06,438.96,448.6951525434623,445.5991545089476,62.71,456.99,437.13,3.096,3.4328,4.4236
2024-06-04,447.18,439.0,448.32051369062196,445.64810602680336,54.07,457.0,437.35,2.6724,3.2807,4.4707
2024-06-05,447.45,439.11,448.2004346612955,445.78824632111423,50.86,456.98,437.92,2.4122,3.107,4.4479
2024-06-06,448.06,439.25,448.8034447134039,446.2572651121428,51.14,457.1,439.02,2.5462,2.9949,4.515
2024-06-07,448.9,439.5,449.78137629595716,446.9167269556878,52.14,457.27,440.52,2.8646,2.9688,4.5593
2024-06-10,449.45,439.81,450.14270301965604,447.3028953293406,48.84,457.07,441.82,2.8398,2.943,4.8243
2024-06-11,449.99,440.33,450.3592102474013,447.61749567531535,49.62,456.46,443.51,2.7417,2.9027,4.9729
2024-06-12,450.4,440.77,450.51779328626264,447.8969404401068,50.13,456.05,444.75,2.6209,2.8464,5.02
2024-06-13,450.49,441.28,450.25505585760686,447.9645744815803,44.82,455.96,445.03,2.2905,2.7352,4.9914
2024-06-14,450.71,441.75,451.0927395718212,448.5375689644262,62.41,456.65,444.78,2.5552,2.6992,4.7643
2024-06-17,450.64,442.19,451.2630873300026,448.8088601522465,59.02,456.46,444.82,2.4542,2.6502,4.9021
2024-06-18,450.39,442.48,450.7456892792329,448.74153717800607,47.67,456.22,444.56,2.0042,2.521,4.7379
2024-06-19,450.13,442.72,450.13712169781246,448.59697886852416,43.67,456.13,444.13,1.5401,2.3248,4.685
2024-06-20,449.86,443.14,449.46833374430287,448.38905450789275,46.29,456.13,443.58,1.0793,2.0757,4.6064
2024-06-21,449.46,443.66,448.75474393748704,448.1254208406414,42.93,455.95,442.97,0.6293,1.7864,4.5357
2024-06-24,449.66,444.21,448.9740141009506,448.27761188948284,55.11,455.96,443.37,0.6964,1.5684,4.7786
2024-06-25,450.13,444.92,449.76878116234286,448.71186286063227,58.04,456.29,443.98,1.0569,1.4661,4.81
2024-06-26,450.53,445.7,450.9920455989055,449.3791322783632,56.99,457.55,443.5,1.6129,1.4955,4.615
2024-06-27,450.81,446.33,451.9671155067662,449.9680854429289,52.9,458.45,443.16,1.999,1.5962,4.4943
2024-06-28,451.27,446.87,452.8798669672637,450.5556346693786,58.26,459.46,443.09,2.3242,1.7418,4.3893
2024-07-01,451.71,447.3,453.7783489723,451.1604024716469,60.19,460.52,442.9,2.6179,1.917,4.2007
2024-07-02,452.1,447.66,453.8170645150231,451.3729652515249,53.32,460.57,443.62,2.4441,2.0224,4.6164
2024-07-03,452.37,447.94,453.6975161280965,451.49644930696746,55.55,460.58,444.17,2.2011,2.0582,4.7586
2024-07-04,452.66,448.39,454.3332828776201,451.965601210155,52.96,461.22,444.1,2.3677,2.1201,4.7629
2024-07-05,452.71,448.72,454.6173932041401,452.2777788982917,55.83,461.34,444.07,2.3396,2.164,4.5436
2024-07-08,453.08,449.33,455.38240963427245,452.8194249058256,67.57,462.24,443.92,2.563,2.2438,4.5457
2024-07-09,453.34,449.77,455.5928081520767,453.11057861650517,64.23,462.61,444.07,2.4822,2.2915,4.865
2024-07-10,453.56,450.08,455.624683820988,453.30979501528253,64.32,462.84,444.28,2.3149,2.2962,4.6379
2024-07-11,453.68,450.17,454.93627092545137,453.14981019933566,58.18,462.77,444.59,1.7865,2.1942,4.8943
2024-07-12,453.46,450.34,454.37376770615117,453.0113057401256,51.65,462.55,444.36,1.3625,2.0279,4.4129
2024-07-15,453.29,450.4,453.51780344366637,452.7000979075237,41.65,462.61,443.97,0.8177,1.7858,4.4243
2024-07-16,453.27,450.47,452.5996798369485,452.31860917363304,32.83,462.63,443.91,0.2811,1.4849,4.4143
2024-07-17,452.79,450.37,450.221267554341,451.19426775336393,24.53,464.3,441.27,-0.973,0.9933,5.3271
2024-07-18,452.36,450.32,448.2256879305962,450.1613590308925,23.64,465.49,439.23,-1.9357,0.4075,5.4364
2024-07-19,452.07,450.33,446.79558209511987,449.3294065100857,25.28,466.14,437.99,-2.5338,-0.1808,5.6693
2024-07-22,451.0,450.08,444.0501079266399,447.8198208426719,22.33,468.47,433.54,-3.7697,-0.8985,5.9829
2024-07-23,449.72,449.84,441.63470670715685,446.3776118913629,22.52,469.81,429.62,-4.7429,-1.6674,5.7421
2024-07-24,448.43,449.61,440.1447518291327,445.3088998994101,20.42,469.64,427.21,-5.1641,-2.3667,5.6243
2024-07-25,447.45,449.43,439.7870977015738,444.75416657352787,30.86,468.73,426.17,-4.9671,-2.8868,6.2664
2024-07-26,446.43,449.15,439.4367749782548,444.21756164215543,25.39,467.56,425.3,-4.7808,-3.2656,6.0007
2024-07-29,446.18,449.16,441.6341942123695,444.9214459649587,47.4,466.81,425.55,-3.2873,-3.27,6.9164
2024-07-30,445.66,448.97,441.9381643335434,444.82430181940623,40.96,465.98,425.34,-2.8861,-3.1932,7.75
2024-07-31,445.05,448.75,441.7615236668444,444.52546464759837,42.1,465.17,424.93,-2.7639,-3.1073,7.5779
2024-08-01,444.2,448.54,441.62128925656066,444.25320800703554,42.04,463.46,424.94,-2.6319,-3.0122,7.5764
2024-08-02,443.55,448.34,441.85801398632054,444.172229636144,45.68,461.97,425.13,-2.3142,-2.8726,7.5729
2024-08-05,442.49,448.19,441.3244733730404,443.7439163297629,43.35,459.4,425.58,-2.4194,-2.782,7.7664
2024-08-06,441.58,448.07,440.919169777188,443.36955215718785,51.32,457.16,426.01,-2.4504,-2.7157,6.7236
2024-08-07,440.73,447.85,440.5854513499283,443.0273631085073,51.28,454.83,426.63,-2.4419,-2.6609,6.47
2024-08-08,440.35,447.68,441.0230742191701,443.0571880634327,53.65,453.65,427.05,-2.0341,-2.5356,6.4957
2024-08-09,440.16,447.66,442.02106280083626,443.38702598465994,66.64,452.9,427.42,-1.366,-2.3016,6.1236
2024-08-12,440.35,447.71,443.6424377545537,444.06650554135183,70.1,453.72,426.97,-0.4241,-1.9261,6.93
2024-08-13,440.99,447.99,446.21437040769933,445.2734310568072,72.05,456.81,425.16,0.9409,-1.3527,7.0629
2024-08-14,442.25,448.29,448.71677496036096,446.54799171926595,70.32,460.64,423.87,2.1688,-0.6484,6.6736
2024-08-15,442.99,448.29,449.2141941972285,446.9481404808018,60.18,461.7,424.28,2.2661,-0.0655,7.4314
2024-08-16,443.64,448.22,449.6258566284241,447.31420414889055,48.33,462.65,424.62,2.3117,0.4099,6.1557
2024-08-19,445.26,448.41,451.4372633009742,448.3575964341579,66.43,464.53,425.98,3.0797,0.9439,6.0571
2024-08-20,446.99,448.64,453.202299716209,449.43555225384995,70.93,466.08,427.9,3.7667,1.5084,5.8964
2024-08-21,448.49,448.85,454.5711766829461,450.3736594943055,69.83,467.34,429.64,4.1975,2.0463,6.0914
2024-08-22,450.02,449.24,456.6956110394159,451.70746249472734,71.91,470.14,429.9,4.9881,2.6346,6.5336
2024-08-23,451.26,449.37,457.55013241796723,452.48839119882166,70.25,471.18,431.34,5.0617,3.12,6.6764
2024-08-26,451.28,449.41,457.0239581998184,452.60999185076076,61.57,471.21,431.35,4.414,3.3788,7.3357
2024-08-27,452.37,449.76,458.3202723229233,453.5611035655192,67.12,472.92,431.83,4.7592,3.6549,8.1436
2024-08-28,453.86,450.24,460.1986919655505,454.8180588569622,67.28,475.17,432.55,5.3806,4.0,8.535
2024-08-29,455.31,450.72,461.67581627854275,455.927832274965,64.85,476.82,433.79,5.748,4.3496,8.1579
2024-08-30,456.77,451.27,463.3287676203054,457.1494743286713,63.67,478.78,434.75,6.1793,4.7156,7.5029
2024-09-02,458.28,451.64,464.1520341402584,458.00358734136233,56.07,479.11,437.46,6.1484,5.0021,7.455
2024-09-03,459.7,451.9,464.59018273406485,458.6699882790392,53.32,478.69,440.71,5.9202,5.1857,7.2893
2024-09-04,460.9,451.99,464.29784692882413,458.9677669250363,58.68,477.14,444.65,5.3301,5.2146,6.825
2024-09-05,461.78,452.07,463.81356278592807,459.1294138194781,57.31,475.8,447.77,4.6841,5.1085,6.8171
2024-09-06,462.53,452.16,463.6207069727084,459.38353131433155,51.05,474.83,450.23,4.2372,4.9343,6.4957
2024-09-09,463.24,452.32,464.09752128459945,459.9269734391959,53.29,474.73,451.76,4.1705,4.7815,6.8543
2024-09-10,463.44,452.53,464.14097954850723,460.2568272585147,51.92,474.86,452.03,3.8842,4.602,6.7536
2024-09-11,463.3,452.66,463.4469826948907,460.2103956097358,42.45,474.84,451.77,3.2366,4.329,6.5571
2024-09-12,464.12,452.87,464.2059084341383,460.81555149049615,55.06,474.54,453.7,3.3904,4.1412,6.8307
2024-09-13,464.82,453.07,464.4573071365785,461.1877328615705,60.65,473.51,456.13,3.2696,3.9669,6.555
2024-09-16,464.72,453.06,463.67156757710484,461.0516045014542,43.92,473.63,455.81,2.62,3.6975,6.1764
2024-09-17,464.72,453.19,463.5713264113964,461.1974115754206,42.29,473.63,455.82,2.3739,3.4328,5.695
2024-09-18,464.94,453.4,464.00650696348924,461.58278849575976,46.69,473.78,456.09,2.4237,3.231,5.7836
2024-09-19,464.93,453.74,464.6670443537217,462.08035971829605,45.93,473.77,456.09,2.5867,3.1021,5.805
2024-09-20,465.55,454.21,466.19365291468756,463.006999739163,55.55,475.28,455.82,3.1867,3.119,5.8521
2024-09-23,466.64,454.75,467.68847554319717,463.962777536262,58.43,475.85,457.43,3.7257,3.2404,5.7964
2024-09-24,467.23,455.35,469.15947930578227,464.9470162372796,64.6,477.56,456.9,4.2125,3.4348,5.5714
2024-09-25,467.51,456.13,470.2426363356619,465.7805705900737,65.24,478.51,456.51,4.4621,3.6403,5.6229
2024-09-26,467.69,456.85,470.72223074556007,466.3420098056238,60.63,478.96,456.42,4.3802,3.7882,5.4371
2024-09-27,467.9,457.6,471.6326567847047,467.1048238940961,59.93,479.69,456.11,4.5278,3.9362,5.1879
2024-09-30,468.45,458.62,472.861478817827,468.03187397601494,65.07,481.35,455.55,4.8296,4.1148,5.3786
2024-10-01,468.77,459.52,472.9320205381613,468.4235870148287,63.13,481.83,455.7,4.5084,4.1936,5.4121
2024-10-02,469.32,460.35,473.0640173784442,468.8210990878043,56.17,482.24,456.4,4.2429,4.2034,4.5743
2024-10-03,469.87,461.04,472.9095531663759,469.0610176738929,57.23,482.24,457.49,3.8485,4.1324,4.5064
2024-10-04,470.45,461.77,473.1142372946257,469.44464599434525,69.22,482.47,458.43,3.6696,4.0399,4.3371
2024-10-07,470.59,462.09,472.55358540314484,469.4465240688382,58.1,482.49,458.68,3.1071,3.8533,4.4807
2024-10-08,471.17,462.73,473.07918764881487,469.9297445081835,61.14,482.92,459.41,3.1494,3.7125,4.9707
2024-10-09,471.97,463.43,473.4931587797664,470.3623560260958,59.05,482.55,461.39,3.1308,3.5962,4.9993
2024-10-10,472.23,464.09,473.49574973672543,470.59551483897764,48.55,482.69,461.77,2.9002,3.457,4.8286
2024-10-11,472.4,464.61,472.8487113156907,470.4988100360904,41.75,482.53,462.28,2.3499,3.2356,5.0157
2024-10-14,473.12,465.32,472.97506342096904,470.73371299637995,45.85,481.17,465.07,2.2414,3.0367,5.3914
2024-10-15,473.74,466.05,473.34505366389686,471.0778824040555,49.06,480.28,467.19,2.2672,2.8828,5.6429
2024-10-16,474.27,466.82,473.92889156175886,471.52692815190323,54.42,480.0,468.55,2.402,2.7867,5.5
2024-10-17,474.5,467.4,473.7567543984114,471.6219705110216,45.63,479.55,469.45,2.1348,2.6563,5.6436
2024-10-18,474.64,468.0,474.324946029425,472.05367639909406,47.61,479.86,469.43,2.2713,2.5793,5.7214
2024-10-21,475.01,468.62,475.69649279412886,472.88229296212415,61.04,481.48,468.54,2.8142,2.6263,5.7264
2024-10-22,475.26,469.06,476.72164774887824,473.5843453353001,59.45,482.47,468.06,3.1373,2.7285,5.83
2024-10-23,475.56,469.45,477.5629327105893,474.22180123638896,61.57,483.4,467.73,3.3411,2.851,5.5293
2024-10-24,476.62,470.3,480.1640199858832,475.72166781147126,68.77,488.06,465.17,4.4424,3.1693,6.1421
2024-10-25,477.64,471.21,482.7664784495935,477.303766492103,76.69,492.29,462.99,5.4627,3.628,5.9143
2024-10-28,478.74,472.01,485.6547125342714,479.0990430482435,75.73,496.88,460.6,6.5557,4.2135,5.7143
2024-10-29,480.21,472.8,488.287833682845,480.8524472668921,76.62,501.08,459.34,7.4354,4.8579,5.5086
2024-10-30,481.26,473.46,489.300474654715,481.8907845063816,68.95,502.88,459.65,7.4097,5.3683,5.6914
2024-10-31,482.05,473.85,489.05732470783573,482.32257824664964,65.54,503.39,460.7,6.7347,5.6415,5.9914
2024-11-01,482.78,474.38,489.04081321432255,482.81349837652743,63.61,504.01,461.56,6.2273,5.7587,5.6279
2024-11-04,483.58,475.01,488.4822265659652,483.005831830118,58.65,503.88,463.28,5.4764,5.7022,5.95
2024-11-05,484.05,475.4,487.9895763250475,483.1742887315907,57.22,504.03,464.06,4.8153,5.5248,5.7657
2024-11-06,484.47,475.68,487.40656458273247,483.2502673440655,60.73,504.07,464.86,4.1563,5.2511,5.48
2024-11-07,485.0,475.97,486.92401618538895,483.32580309635694,57.03,503.92,466.09,3.5982,4.9206,5.1079
2024-11-08,485.83,476.23,486.7495521568676,483.50833620033046,52.88,503.24,468.42,3.2412,4.5847,4.7414
2024-11-11,486.09,476.44,485.5234672096572,483.1580890743801,46.45,502.88,469.29,2.3654,4.1408,5.2964
2024-11-12,486.39,476.72,484.8952414850946,483.0308232170186,49.29,502.58,470.19,1.8644,3.6855,5.4921
2024-11-13,486.44,477.04,483.8698197181569,482.6752066824247,31.46,502.51,470.37,1.1946,3.1874,5.0629
2024-11-14,486.71,477.38,482.9913859153636,482.34074692817103,27.07,501.98,471.44,0.6506,2.68,5.2193
2024-11-15,486.78,477.7,482.3404034668461,482.0755064149732,19.55,501.89,471.66,0.2649,2.197,4.705
2024-11-18,486.31,477.84,481.044956779639,481.47139482867885,14.83,502.43,470.19,-0.4264,1.6723,5.0336
2024-11-19,485.45,477.86,478.5949634289253,480.26018039692485,14.51,504.1,466.8,-1.6652,1.0048,5.1693
2024-11-20,484.62,477.98,476.61727674755224,479.1846114786341,18.94,505.23,464.02,-2.5673,0.2904,5.0014
2024-11-21,483.48,478.04,475.83308032485195,478.6168624802168,28.17,504.33,462.63,-2.7838,-0.3245,5.3164
2024-11-22,482.4,478.24,475.7726064287209,478.3815393335341,37.63,502.51,462.28,-2.6089,-0.7813,4.9857
2024-11-25,481.03,478.53,475.53528236276384,478.07401790142046,36.65,499.29,462.77,-2.5387,-1.1328,5.0507
2024-11-26,480.18,478.99,477.12062353772325,478.64927583464856,51.58,495.54,464.83,-1.5287,-1.212,6.2293
2024-11-27,480.04,479.5,479.4143737626889,479.64044058763756,56.69,494.87,465.21,-0.2261,-1.0148,6.8693
2024-11-28,480.27,479.98,481.3844701068906,480.5722598033681,55.67,495.71,464.82,0.8122,-0.6494,6.8579
2024-11-29,480.63,480.41,483.67762855198436,481.7365368549705,66.28,497.25,464.02,1.9411,-0.1313,6.455
2024-12-02,481.25,480.85,485.842608774756,482.9227193101579,65.51,499.45,463.05,2.9199,0.4789,6.3329
2024-12-03,481.81,481.23,487.4622074247935,483.91881417607215,67.88,501.16,462.45,3.5434,1.0918,6.0679
2024-12-04,482.55,481.69,489.26186782097915,485.0477909037705,69.64,503.4,461.71,4.2141,1.7163,6.1707
2024-12-05,483.41,482.25,491.1231189254439,486.2561026886764,70.52,505.89,460.93,4.867,2.3464,6.3743
2024-12-06,484.2,482.75,492.7487929369141,487.39935434136703,77.47,508.12,460.29,5.3494,2.947,6.3693
2024-12-09,484.88,483.01,492.68744017738885,487.7660688345991,76.65,508.92,460.84,4.9214,3.3419,6.7393
2024-12-10,485.0,483.22,491.32168015009825,487.4730266987028,65.31,508.99,461.01,3.8487,3.4433,6.9521
2024-12-11,485.23,483.4,490.0229601270062,487.1328024987989,60.49,509.03,461.43,2.8902,3.3326,6.5879
2024-12-12,485.65,483.69,489.4809662613129,487.08592823962863,60.27,509.22,462.08,2.395,3.1451,6.7129
2024-12-13,485.97,483.91,488.8269714518802,486.9484520737302,60.2,509.32,462.62,1.8785,2.8918,6.8507
2024-12-16,486.48,484.2,488.1105143054371,486.74264080900946,48.07,509.16,463.81,1.3679,2.587,6.1257
2024-12-17,487.68,484.46,488.2596659507544,486.9157785268606,46.5,508.02,467.35,1.3439,2.3384,5.8264
2024-12-18,488.92,484.76,488.59202503525376,487.1753504878339,47.92,506.45,471.39,1.4167,2.1541,6.0864
2024-12-19,489.98,485.14,489.2224827221378,487.58384304429063,45.66,505.53,474.43,1.6386,2.051,6.2507
2024-12-20,491.33,485.81,491.28210076488585,488.6968917076765,54.87,506.27,476.4,2.5852,2.1578,6.9836
2024-12-23,492.05,486.11,490.87562372413413,488.6926775071079,43.82,504.74,479.37,2.1829,2.1628,8.05
2024-12-24,492.49,486.49,491.445527766575,489.1287754695443,46.51,504.87,480.11,2.3168,2.1936,8.4621
2024-12-25,492.41,486.76,491.28621580248654,489.22368099031877,41.9,504.83,479.99,2.0625,2.1674,9.0721
2024-12-26,492.23,487.07,490.8606441405655,489.1715564725174,40.48,504.76,479.69,1.6891,2.0717,8.9836
2024-12-27,491.86,487.3,490.560545042017,489.1521819189976,47.14,504.33,479.39,1.4084,1.9391,8.3071
2024-12-30,491.37,487.4,490.17892272786054,489.0727610361089,54.07,503.63,479.12,1.1062,1.7725,8.0564
2024-12-31,490.37,487.28,488.0406269235743,488.1251491075082,44.79,504.1,476.63,-0.0845,1.4011,8.7886
2025-01-01,489.07,487.1,485.765145858409,487.0232862106557,39.45,504.14,474.01,-1.2581,0.8693,8.4493
2025-01-02,487.91,486.77,484.5920464955769,486.3652650098664,44.66,502.56,473.26,-1.7732,0.3408,8.6264
2025-01-03,486.89,486.45,484.08096241933424,485.98783797209853,47.88,500.29,473.49,-1.9069,-0.1088,8.3993
2025-01-06,485.66,485.78,481.5515835855905,484.6287388630542,36.11,501.31,470.0,-3.0772,-0.7025,9.0864
2025-01-07,485.56,485.36,481.61903226473044,484.4332767250502,45.33,501.28,469.85,-2.8142,-1.1248,9.815
2025-01-08,485.57,485.12,481.83764268554114,484.3300710417131,44.58,501.28,469.86,-2.4924,-1.3983,9.74
2025-01-09,485.89,485.22,483.5180053493041,484.9545102238084,44.45,501.92,469.85,-1.4365,-1.406,9.6129
2025-01-10,486.01,485.2,484.1660045263342,485.1601020590819,49.43,502.06,469.96,-0.9941,-1.3236,8.9743
2025-01-13,485.9,485.13,483.8296961376674,484.92453894359437,42.09,502.04,469.77,-1.0948,-1.2778,8.5793
2025-01-14,485.72,485.14,484.0928198087955,484.9701286514763,46.92,501.79,469.66,-0.8773,-1.1977,8.0
2025-01-15,485.65,485.23,484.83700137667313,485.2634524550706,50.25,501.64,469.66,-0.4265,-1.0435,7.9986
2025-01-16,485.43,485.31,485.35438578026185,485.48097449543576,49.56,501.12,469.73,-0.1266,-0.8601,7.7229
2025-01-17,485.0,485.47,486.6890956602216,486.114235643922,53.46,499.1,470.89,0.5749,-0.5731,7.8186
2025-01-20,484.99,485.67,486.9707732509567,486.29244041103885,57.69,499.09,470.89,0.6783,-0.3228,7.905
2025-01-21,484.55,485.75,486.7721927508095,486.2470744546656,57.83,497.91,471.18,0.5251,-0.1532,8.18
2025-01-22,484.24,485.88,486.3918554045311,486.102846717283,54.06,497.32,471.16,0.289,-0.0648,7.9307
2025-01-23,483.3,485.71,483.84387764998786,484.89745066415094,43.44,497.7,468.91,-1.0536,-0.2626,8.9071
2025-01-24,482.72,485.68,482.82481954998974,484.3287506149546,55.91,497.11,468.33,-1.5039,-0.5108,8.6079
2025-01-27,482.4,485.83,482.6533088499913,484.1347690879209,49.8,496.57,468.23,-1.4815,-0.705,8.0414
2025-01-28,482.82,486.22,482.96049210383876,484.1729343406675,51.1,496.72,468.92,-1.2124,-0.8064,8.1621
2025-01-29,483.41,486.61,483.2804163955559,484.237161426544,43.94,496.58,470.24,-0.9567,-0.8365,7.6393
2025-01-30,483.15,486.64,481.6972754116242,483.40403835791113,39.58,496.94,469.36,-1.7068,-1.0106,8.3971
2025-01-31,482.44,486.47,479.4300022713743,482.18596144251035,39.42,498.01,466.86,-2.756,-1.3596,8.4479
2025-02-03,482.36,486.31,477.393078845009,481.0010754097318,35.82,498.24,466.49,-3.608,-1.8093,8.2943
2025-02-04,481.28,485.8,474.75568209962296,479.46395871271466,29.73,499.98,462.57,-4.7083,-2.3891,8.4507
2025-02-05,480.11,485.15,472.45173100737327,478.005887696958,29.84,501.11,459.12,-5.5542,-3.0221,8.4707
2025-02-06,478.02,484.32,469.1283877754697,475.9943404601463,20.67,501.87,454.17,-6.866,-3.7909,9.2993
2025-02-07,476.4,483.51,467.0132511946282,474.4673522779132,27.18,501.82,450.98,-7.4541,-4.5235,8.7693
2025-02-10,475.77,482.94,467.37890485699313,474.09125210917887,40.28,501.23,450.31,-6.7123,-4.9613,10.005
2025-02-11,475.19,482.49,468.3698425713019,474.0711593603508,43.97,500.23,450.14,-5.7013,-5.1093,10.5714
2025-02-12,474.44,481.98,469.22832832956317,474.06218459291745,52.84,498.64,450.24,-4.8339,-5.0542,9.4029
2025-02-13,473.1,481.19,468.0270470480919,473.12572647492357,39.82,497.05,449.14,-5.0987,-5.0631,9.5886
2025-02-14,471.1,480.23,465.87211673300084,471.7104874767811,32.81,494.37,447.83,-5.8384,-5.2182,9.8521
2025-02-17,468.89,479.27,462.57486800484685,469.6904513673899,26.94,493.52,444.26,-7.1156,-5.5977,10.1729
2025-02-18,466.85,478.5,459.8525806194858,467.8526401549907,26.98,492.37,441.34,-8.0001,-6.0781,10.1321
2025-02-19,464.05,477.4,454.97372206264185,464.9109631064729,25.61,493.53,434.56,-9.9372,-6.85,10.075
2025-02-20,462.08,476.28,451.2023802068508,462.3590399134008,29.31,494.99,429.16,-11.1567,-7.7113,9.9064
2025-02-21,459.18,474.96,446.27739863656603,459.1613332531489,26.2,496.42,421.93,-12.8839,-8.7458,10.8836
2025-02-24,455.61,473.48,440.75010653863285,455.5456789381008,25.45,497.18,414.03,-14.7956,-9.9558,11.0979
2025-02-25,452.0,471.95,436.4054747634586,452.3578508686119,27.12,495.44,408.56,-15.9524,-11.1551,11.4121
2025-02-26,447.92,470.21,431.3215555690804,448.72838043389993,27.06,493.58,402.25,-17.4068,-12.4054,10.9007
2025-02-27,444.56,468.47,427.41516240460646,445.5581300313888,25.66,492.28,396.85,-18.143,-13.553,10.9807
2025-02-28,441.42,466.5,423.8251374192824,442.48567595498963,13.48,491.16,391.68,-18.6605,-14.5745,9.5571
2025-03-03,438.3,464.81,420.74127012400817,439.61858884721266,8.94,489.31,387.28,-18.8773,-15.435,9.0293
2025-03-04,434.85,462.74,416.19492087416074,436.0312859696413,7.66,488.86,380.83,-19.8364,-16.3153,10.065
2025-03-05,431.58,460.82,412.8372407396745,432.94526478670497,12.07,487.14,376.01,-20.108,-17.0738,9.3257
2025-03-06,428.45,458.81,409.06074216433996,429.63746739509725,12.25,486.43,370.46,-20.5767,-17.7744,8.9071
2025-03-07,425.19,456.84,406.15139721597996,426.7124698102752,15.79,484.12,366.25,-20.5611,-18.3318,8.3821
2025-03-10,420.83,454.72,402.47579764429076,423.4196942687733,13.93,478.88,362.78,-20.9439,-18.8542,8.9457
2025-03-11,416.33,452.87,399.61490569901525,420.4908280266419,19.13,470.93,361.73,-20.8759,-19.2585,7.7407
2025-03-12,411.76,451.06,396.9956894376283,417.68335928392764,16.12,461.1,362.43,-20.6877,-19.5444,7.7586
2025-03-13,408.2,449.3,395.93019875491626,415.637925262896,28.22,452.47,363.92,-19.7077,-19.577,7.2379
2025-03-14,405.07,447.5,395.2470912541599,413.849190058237,34.14,444.26,365.88,-18.6021,-19.382,7.0286
2025-03-17,402.34,445.95,394.4136925996737,412.0699907946639,30.76,437.37,367.31,-17.6563,-19.0369,6.73
2025-03-18,399.33,444.0,392.9238937381855,410.0448062913554,33.03,428.89,369.78,-17.1209,-18.6537,6.3764
2025-03-19,397.32,442.1,392.15252547077233,408.4051910105143,33.77,423.95,370.69,-16.2527,-18.1735,6.26
2025-03-20,395.15,439.99,391.36444462911504,406.82184352825396,34.37,417.07,373.23,-15.4574,-17.6303,6.0371
2025-03-21,393.5,437.96,390.5729916092512,405.2957810446796,34.05,412.58,374.42,-14.7228,-17.0488,5.92
2025-03-24,392.15,435.98,389.4586852078279,403.6686861524811,41.33,409.99,374.31,-14.21,-16.481,5.045
2025-03-25,390.76,433.97,388.7327336373928,402.26656125229727,38.95,406.08,375.45,-13.5338,-15.8916,5.0114
2025-03-26,389.81,431.88,388.06308230856314,400.94163078916415,44.83,404.16,375.46,-12.8785,-15.289,5.0729
2025-03-27,388.4,429.67,386.4687619533996,399.2200285084853,35.41,401.58,375.22,-12.7513,-14.7814,5.8579
2025-03-28,387.32,427.43,385.8397216528766,397.9726189893383,50.15,398.48,376.15,-12.1329,-14.2517,5.5564
2025-03-31,386.13,425.26,384.9366875524341,396.63909165679473,45.14,394.67,377.58,-11.7024,-13.7419,6.0857
2025-04-01,385.05,422.94,382.60027408282883,394.64730708962475,36.95,395.97,374.14,-12.047,-13.4029,6.6379
2025-04-02,383.59,420.56,379.9002319162398,392.45491397187476,23.04,396.86,370.32,-12.5547,-13.2333,6.4607
2025-04-03,382.44,418.47,377.6494270060491,390.4412166406248,21.0,397.82,367.06,-12.7918,-13.145,6.1286
2025-04-04,381.54,416.37,376.8125920820416,389.0907561487267,32.55,397.12,365.96,-12.2782,-12.9716,6.645
2025-04-07,381.15,414.22,376.4537317617275,388.0084779154877,39.24,397.04,365.26,-11.5547,-12.6882,6.3186
2025-04-08,380.99,412.14,377.09623456761557,387.46192399582196,42.81,396.82,365.15,-10.3657,-12.2237,6.455
2025-04-09,380.95,410.08,377.82912155721317,387.0469666627981,44.93,396.77,365.13,-9.2178,-11.6225,6.5207
2025-04-10,380.92,408.41,379.6246413176419,387.2286728359242,52.84,396.68,365.17,-7.604,-10.8188,6.9893
2025-04-11,381.21,407.01,382.33008111492774,387.9680304036335,61.08,397.95,364.47,-5.6379,-9.7826,7.4329
2025-04-14,381.86,405.74,385.4777609434004,389.0659540774384,63.51,400.85,362.86,-3.5882,-8.5438,7.8736
2025-04-15,382.84,404.63,388.38579772133886,390.20032784948,64.7,404.33,361.35,-1.8145,-7.1979,7.6557
2025-04-16,383.68,403.53,390.91259807190215,391.28252578655554,71.94,407.24,360.12,-0.3699,-5.8323,6.8093
2025-04-17,384.37,402.53,392.4321983685326,391.9867831356996,65.06,409.12,359.63,0.4454,-4.5768,6.695
2025-04-18,385.21,401.48,394.038014004143,392.79294734787004,68.84,411.3,359.11,1.2451,-3.4124,6.2829
2025-04-21,385.91,400.04,394.57370415735176,393.14309939617596,74.83,412.56,359.27,1.4306,-2.4438,5.9236
2025-04-22,386.35,398.43,394.3992881331438,393.16509203349625,75.67,413.19,359.51,1.2342,-1.7082,5.9064
2025-04-23,387.03,396.91,394.9640130357371,393.52841854953357,77.47,414.36,359.71,1.4356,-1.0794,6.1507
2025-04-24,388.02,395.64,395.351087953316,393.82112828660513,73.68,415.36,360.69,1.53,-0.5575,5.7943
2025-04-25,388.94,394.57,396.1770744220366,394.33215582093067,74.15,416.71,361.17,1.8449,-0.0771,6.1393
2025-04-28,389.78,393.61,396.2544475878771,394.50607020456545,65.37,417.41,362.14,1.7484,0.288,6.2043
2025-04-29,391.31,392.72,396.8829941128191,394.9382131523754,66.91,417.63,364.98,1.9448,0.6194,6.3607
2025-04-30,392.76,392.04,396.44868732623155,394.87316032627353,54.28,416.0,369.51,1.5755,0.8106,6.3007
2025-05-01,394.62,391.48,397.3842738914267,395.44033363543844,54.92,414.29,374.95,1.9439,1.0373,6.2729
2025-05-02,395.6,390.94,396.5328471388995,395.17438299577634,40.75,412.3,378.9,1.3585,1.1015,6.7443
2025-05-05,396.73,390.67,396.6016398867611,395.30813240349664,44.1,410.14,383.31,1.2935,1.1399,6.8957
2025-05-06,397.17,390.21,395.52446451956706,394.8853077810154,39.08,408.81,385.54,0.6392,1.0398,7.2679
2025-05-07,397.49,389.91,394.4083930550183,394.3952849824217,40.65,407.6,387.39,0.0131,0.8344,7.2936
2025-05-08,397.31,389.51,393.09017873886165,393.76156016890894,37.35,408.14,386.49,-0.6714,0.5333,7.3479
2025-05-09,396.27,388.95,390.5209204713445,392.47477793417494,35.2,410.58,381.96,-1.9539,0.0358,7.7807
2025-05-12,395.43,388.6,389.82847116806073,391.99664623534716,45.18,410.09,380.77,-2.1682,-0.405,8.1657
2025-05-13,394.52,388.5,389.2502448345129,391.5576354030992,41.71,409.11,379.92,-2.3074,-0.7855,8.285
2025-05-14,393.59,388.34,388.8071302445878,391.17336611398076,42.29,407.78,379.41,-2.3662,-1.1016,7.99
2025-05-15,393.68,388.62,390.9014178992666,392.00645010553774,51.0,408.05,379.3,-1.105,-1.1023,8.6286
2025-05-16,393.94,388.98,393.5396612993795,393.19486120883124,56.57,409.17,378.7,0.3448,-0.8129,8.565
2025-05-19,394.74,389.6,396.6181749456288,394.70264926743636,57.48,412.28,377.2,1.9155,-0.2672,8.8307
2025-05-20,395.16,389.96,397.41691726168597,395.2291196920707,54.13,412.96,377.35,2.1878,0.2238,9.1829
2025-05-21,394.67,390.07,396.0112376829651,394.71437008525066,42.79,412.67,376.66,1.2969,0.4384,9.5757
2025-05-22,393.9,389.92,393.89720111635506,393.7925648937506,44.91,412.68,375.13,0.1046,0.3717,9.0529
2025-05-23,393.08,389.77,392.41455479076194,393.08644897569496,43.01,412.04,374.12,-0.6719,0.1629,8.8564
2025-05-26,392.42,389.65,391.0430848229524,392.376341644162,46.39,411.77,373.08,-1.3333,-0.1363,8.675
2025-05-27,390.94,389.37,387.90568715788277,390.76698300385374,40.82,412.19,369.69,-2.8613,-0.6813,9.2957
2025-05-28,389.9,389.07,385.66635067205465,389.4768361146794,43.51,412.49,367.32,-3.8105,-1.3071,9.3007
2025-05-29,388.88,388.97,385.1099890302001,388.9267001061846,52.97,410.9,366.85,-3.8167,-1.8091,9.2057
2025-05-30,388.41,388.9,384.7022984101693,388.44768528350426,47.94,410.57,366.25,-3.7454,-2.1963,8.6743
2025-06-02,388.09,389.04,385.5957909624509,388.60044933657804,52.36,409.9,366.27,-3.0047,-2.358,9.0014
2025-06-03,388.49,389.3,387.4579769682277,389.27449012646116,55.6,410.72,366.26,-1.8165,-2.2497,9.6443
2025-06-04,389.04,389.6,389.2844420500388,390.01934270968627,48.22,411.8,366.29,-0.7349,-1.9467,8.8864
2025-06-05,389.46,389.93,390.02068173464824,390.31939139785766,41.9,412.26,366.65,-0.2987,-1.6171,8.7707
2025-06-06,389.88,389.98,389.24057685239467,389.92165870172005,34.1,411.97,367.8,-0.6811,-1.4299,8.9279
2025-06-09,389.45,389.93,387.4097188751032,388.98968398307414,35.74,412.18,366.71,-1.58,-1.4599,8.6907
2025-06-10,388.71,389.96,384.94053135585654,387.68378146580943,39.19,412.82,364.61,-2.7433,-1.7166,8.0207
2025-06-11,387.58,389.93,381.668141916494,385.9049828387124,38.37,414.16,361.0,-4.2368,-2.2206,8.0714
2025-06-12,385.7,389.93,379.0930431601103,384.35128040621515,37.8,413.15,358.26,-5.2582,-2.8282,7.8857
2025-06-13,383.55,389.78,376.90949805855485,382.91044482056964,38.15,410.38,356.72,-6.0009,-3.4627,8.03
2025-06-16,381.36,389.68,375.80957528031564,381.9363377968237,49.37,404.81,357.9,-6.1268,-3.9955,7.5443
2025-06-17,379.82,389.49,375.0665636987286,381.1247572192812,48.28,401.6,358.03,-6.0582,-4.4081,7.3671
2025-06-18,378.66,389.16,373.53940005277036,379.94070112896406,37.22,401.01,356.31,-6.4013,-4.8067,6.9457
2025-06-19,377.89,388.71,372.5179538908057,378.9747232675593,38.47,400.76,355.02,-6.4568,-5.1367,6.9157
2025-06-20,377.29,388.21,372.48596098452794,378.48104006255494,35.97,400.09,354.5,-5.9951,-5.3084,6.6171
2025-06-23,376.5,387.5,371.7388900638313,377.67725931718047,25.89,399.49,353.51,-5.9384,-5.4344,6.3386
2025-06-24,376.6,386.87,371.86829159247264,377.2996845529449,29.63,399.5,353.69,-5.4314,-5.4338,6.3164
2025-06-25,376.52,386.21,371.87470827055375,376.90044866013415,31.86,399.48,353.57,-5.0257,-5.3522,6.18
2025-06-26,376.39,385.78,373.02013776739165,377.0796746853094,45.26,399.24,353.54,-4.0595,-5.0936,6.03
2025-06-27,375.99,385.21,373.2462704185622,376.88784693084204,47.48,398.67,353.31,-3.6416,-4.8032,6.0079
2025-06-30,374.92,384.65,372.6283826618603,376.3205990100389,48.09,396.72,353.13,-3.6922,-4.581,5.9557
2025-07-01,373.76,384.27,372.910169944651,376.1827768611471,60.1,392.74,354.79,-3.2726,-4.3193,5.7871
2025-07-02,372.64,383.85,373.5347591839355,376.24108968624734,61.01,387.46,357.83,-2.7063,-3.9967,6.1479
2025-07-03,371.92,383.49,374.47710392486846,376.49434230208084,62.88,383.37,360.48,-2.0172,-3.6008,6.4414
2025-07-04,372.08,383.24,376.57601101335024,377.3555021315563,65.07,384.34,359.82,-0.7795,-3.0366,6.6757
2025-07-07,372.5,383.02,377.96739393437326,377.96768715884843,61.77,386.0,358.99,-0.0003,-2.4293,6.7479
2025-07-08,373.34,382.77,379.5385640983159,378.72415477671154,69.55,388.53,358.14,0.8144,-1.7806,6.7793
2025-07-09,374.63,382.68,381.07109269857494,379.5223655339922,69.32,390.73,358.53,1.5487,-1.1147,6.8114
2025-07-10,376.35,382.62,383.87553997571723,380.98737549443723,71.46,395.19,357.5,2.8882,-0.3141,6.9671
2025-07-11,377.78,382.65,385.3546876717607,381.9134958281826,70.2,397.29,358.27,3.4412,0.4369,7.2629
2025-07-14,378.78,382.51,386.05242802995133,382.504347989058,63.81,398.63,358.94,3.5481,1.0592,7.5236
2025-07-15,379.42,382.39,385.70128525611267,382.5980999898685,58.71,399.03,359.81,3.1032,1.468,7.6979
2025-07-16,380.57,382.39,386.05493367824914,382.9982407313598,56.69,399.32,361.82,3.0567,1.7857,7.6414
2025-07-17,381.7,382.46,386.6095592662108,383.4917043808887,62.28,399.71,363.7,3.1179,2.0522,7.8429
2025-07-18,382.41,382.66,386.5865501483322,383.7115781304525,64.43,399.97,364.85,2.875,2.2167,7.695
2025-07-21,383.4,382.69,386.7132347408965,383.9855353059745,61.69,399.63,367.17,2.7277,2.3189,7.4464
2025-07-22,384.12,382.71,386.7635063192201,384.21179194997643,59.45,399.59,368.65,2.5517,2.3655,7.0243
2025-07-23,385.02,382.78,387.2414284239555,384.6309184722004,59.56,399.56,370.48,2.6105,2.4145,6.8671
2025-07-24,385.37,382.46,387.10428558950076,384.75825784462995,48.17,399.67,371.07,2.346,2.4008,6.5064
2025-07-25,386.06,382.06,387.269780114193,385.0117202265092,52.68,399.45,372.67,2.2581,2.3722,6.5629
2025-07-28,386.87,381.5,386.97904471200945,385.0390002097308,47.09,397.68,376.05,1.94,2.2858,6.3771
2025-07-29,387.66,381.27,387.50688398708496,385.436852046047,50.88,396.86,378.47,2.07,2.2426,6.5207
2025-07-30,388.32,381.31,387.8950556813796,385.7770852278213,39.05,396.05,380.58,2.118,2.2177,5.84
2025-07-31,389.01,381.53,388.7573548073212,386.34915298872346,50.01,395.92,382.1,2.4082,2.2558,5.4836
2025-08-01,389.14,381.66,389.06853099081025,386.67736387844764,51.14,396.08,382.2,2.3912,2.2829,5.2171
2025-08-04,389.47,381.84,389.5595262229933,387.0908924800441,62.32,396.34,382.61,2.4686,2.32,5.4486
2025-08-05,389.95,382.38,390.80421449637896,387.87304859263344,63.54,397.69,382.21,2.9312,2.4423,5.51
2025-08-06,390.8,383.04,393.23741226616687,389.2617116598458,69.75,401.54,380.07,3.9757,2.749,5.4143
2025-08-07,391.16,383.53,395.2793488406028,390.53936264800535,75.16,403.47,378.86,4.74,3.1472,5.2086
2025-08-08,391.96,384.07,397.44098748051,391.93126171111606,76.27,406.69,377.22,5.5097,3.6197,5.2964
2025-08-11,392.63,384.33,398.3685278681238,392.7859830658482,67.4,408.2,377.07,5.5825,4.0122,5.7829
2025-08-12,393.66,384.46,399.2902928114894,393.64331765356314,66.0,409.48,377.85,5.647,4.3392,5.1786
2025-08-13,394.71,384.65,400.75794007126024,394.7682570866325,74.32,411.66,377.75,5.9897,4.6693,5.4407
2025-08-14,395.62,384.93,401.8536415987587,395.7394973024375,71.72,413.36,377.87,6.1141,4.9583,5.3507
2025-08-15,396.94,385.48,403.5438505835651,397.0062012059606,78.91,415.71,378.16,6.5376,5.2741,5.4186
2025-08-18,398.59,386.35,406.1432581860935,398.74203815366724,79.99,419.52,377.65,7.4012,5.6995,5.8307
2025-08-19,400.08,387.26,407.8089107728483,400.09225754969185,75.34,421.81,378.36,7.7167,6.103,6.1971
2025-08-20,401.44,388.33,409.2198475770255,401.34320143489987,73.62,423.85,379.03,7.8766,6.4577,5.95
2025-08-21,402.96,389.36,410.38294794979083,402.4866679952776,77.55,425.19,380.73,7.8963,6.7454,5.6521
2025-08-22,404.76,390.55,412.5101867267461,404.09580369933116,80.07,427.77,381.75,8.4144,7.0792,5.5943
2025-08-25,406.58,391.59,413.945542614939,405.41018861049184,74.14,428.9,384.27,8.5354,7.3705,5.2814
2025-08-26,407.9,392.5,414.3585360587945,406.2412857504554,60.8,429.27,386.52,8.1173,7.5198,5.1364
2025-08-27,409.01,393.45,414.0387612805185,406.6885979170884,55.7,428.72,389.3,7.3502,7.4859,5.4957
2025-08-28,409.94,394.35,413.7497210835156,407.093886960267,52.95,428.28,391.6,6.6558,7.3199,5.3121
2025-08-29,410.96,395.13,413.3651486091286,407.40174718543244,59.06,426.93,395.0,5.9634,7.0486,5.2171
2025-09-01,411.79,395.95,412.65051036157035,407.4993955420671,54.89,425.18,398.39,5.1511,6.6691,5.6107
2025-09-02,412.36,396.68,412.1196626136364,407.6253662426547,50.46,424.09,400.64,4.4943,6.2341,5.1107
2025-09-03,412.18,397.3,410.7058683653846,407.27756133579135,44.61,424.39,399.97,3.4283,5.673,5.5443
2025-09-04,411.75,397.67,408.7218886168639,406.5762604961031,33.69,425.35,398.15,2.1456,4.9675,5.5564
2025-09-05,411.23,398.16,407.2246749835002,406.0143152741695,22.95,425.95,396.5,1.2104,4.2161,4.855
2025-09-08,410.8,398.68,405.3408788321925,405.196958587194,22.64,426.9,394.71,0.1439,3.4016,4.7657
2025-09-09,409.8,398.88,402.11151285800906,403.652739432587,17.89,429.64,389.97,-1.5412,2.4131,5.4457
2025-09-10,408.34,398.93,398.6343570337,401.86438836350646,16.39,432.37,384.31,-3.23,1.2845,5.7279
2025-09-11,407.22,399.04,396.60599441313076,400.64850774398747,14.08,433.34,381.1,-4.0425,0.2191,5.8864
2025-09-12,406.05,399.07,395.51891834957223,399.8256553185069,20.99,433.17,378.93,-4.3067,-0.6861,6.1657
2025-09-15,404.87,399.3,395.7267770650227,399.6067178875064,32.91,431.41,378.34,-3.8799,-1.3249,6.27
2025-09-16,403.7,399.4,395.3949652088654,399.15955359954296,33.52,430.05,377.35,-3.7646,-1.8128,6.4814
2025-09-17,402.47,399.46,394.9234320998092,398.6536607403176,32.87,428.51,376.43,-3.7302,-2.1963,6.4214
2025-09-18,401.46,399.41,395.18136562291545,398.50153772251633,38.04,426.72,376.2,-3.3202,-2.4211,6.4693
2025-09-19,400.1,399.48,395.46730937323616,398.3932756689966,40.13,423.02,377.18,-2.926,-2.5221,6.105
2025-09-22,398.75,399.58,395.37541562350754,398.13229228610794,38.22,419.34,378.17,-2.7569,-2.569,6.1829
2025-09-23,397.63,399.79,395.18996706604486,397.83878915380365,42.07,416.49,378.77,-2.6488,-2.585,5.7586
2025-09-24,396.85,399.96,395.4284336712687,397.757397364633,48.99,414.41,379.3,-2.329,-2.5338,5.6579
2025-09-25,395.75,399.97,394.59482849107354,397.1835160783639,42.29,411.98,379.51,-2.5887,-2.5448,6.0986
2025-09-26,394.67,400.03,393.85254718475454,396.6343667392258,45.22,409.36,379.99,-2.7818,-2.5922,5.9429
2025-09-29,393.74,400.09,393.2690783871,396.14737661039425,56.47,406.96,380.51,-2.8783,-2.6494,5.2471
2025-09-30,392.44,400.01,391.7122970967769,395.1846079725873,53.94,404.31,380.56,-3.4723,-2.814,5.4536
2025-10-01,391.11,399.74,389.3673283126574,393.79834071535856,40.44,403.93,378.3,-4.431,-3.1374,5.2179
2025-10-02,390.25,399.62,388.00312395686393,392.8132784401468,40.36,403.49,377.01,-4.8102,-3.4719,5.15
2025-10-03,389.3,399.46,386.77495104042333,391.8656281853211,28.96,402.62,375.98,-5.0907,-3.7957,4.6779
2025-10-06,388.54,399.35,385.7080354957428,390.97484091233434,31.41,402.22,374.87,-5.2668,-4.0899,4.3864
2025-10-07,388.32,399.14,384.81910695793624,390.1567045484577,32.67,402.42,374.22,-5.3376,-4.3395,4.3436
2025-10-08,388.1,398.84,383.32539819517683,389.04213384116457,20.42,402.9,373.3,-5.7167,-4.6149,4.4114
2025-10-09,387.6,398.48,382.09379847284197,388.0256794825598,19.92,403.43,371.76,-5.9319,-4.8783,4.3286
2025-10-10,387.06,398.24,381.59629101548165,387.3467402616294,28.64,403.34,370.79,-5.7504,-5.0527,4.4421
2025-10-13,386.01,397.91,380.70301547463833,386.49068542743464,26.93,402.34,369.68,-5.7877,-5.1997,4.5221
2025-10-14,385.13,397.48,379.9840900170017,385.71581984021725,22.39,401.63,368.63,-5.7317,-5.3061,4.2343
2025-10-15,384.34,396.88,379.45576847592446,385.03687022242343,28.5,400.9,367.78,-5.5811,-5.3611,3.8514
2025-10-16,383.79,396.46,380.38872717193607,385.07265761335503,44.69,399.33,368.24,-4.6839,-5.2257,4.4314
2025-10-17,383.47,396.08,381.9612306839459,385.4828311234769,50.61,398.1,368.83,-3.5216,-4.8849,4.9143
2025-10-20,383.22,395.81,383.2025798094927,385.8196584476638,58.94,397.21,369.24,-2.6171,-4.4313,4.5471
2025-10-21,382.98,395.51,384.1283367618784,386.07153559968873,69.54,396.3,369.65,-1.9432,-3.9337,4.0586
2025-10-22,382.56,395.1,384.7793618754356,386.24105148119327,63.34,394.52,370.59,-1.4617,-3.4393,3.7521
2025-10-23,382.35,394.66,384.9548446638301,386.21726988999376,59.39,393.91,370.79,-1.2624,-3.0039,3.8343
2025-10-24,382.17,394.13,385.1217916386255,386.20413878703124,59.89,393.34,371.0,-1.0823,-2.6196,3.8221
2025-10-27,381.82,393.38,384.82305446345237,385.9801285065104,54.76,392.37,371.27,-1.1571,-2.3271,3.9864
2025-10-28,381.86,392.72,384.67027685369044,385.82085972825035,64.55,392.43,371.28,-1.1506,-2.0918,3.6543
2025-10-29,382.24,392.06,384.58869579927654,385.6963516002318,64.67,392.55,371.93,-1.1077,-1.895,3.7621
2025-10-30,381.82,391.17,382.68274259938784,384.6966218520665,41.34,393.05,370.6,-2.0139,-1.9188,4.6864
2025-10-31,380.91,389.92,379.45001296871277,382.99094615932086,34.63,395.31,366.51,-3.5409,-2.2432,5.3707
2025-11-03,379.72,388.6,375.85308789660314,380.99680199937114,30.54,397.91,361.52,-5.1437,-2.8233,5.7879
2025-11-04,378.33,387.31,372.2079974509719,378.86074259201035,27.69,400.3,356.36,-6.6527,-3.5892,5.9043
2025-11-05,377.18,386.11,369.1283055354378,376.88513202963924,13.56,402.06,352.31,-7.7568,-4.4227,5.4379
2025-11-06,376.44,385.08,367.79625852998583,375.66919632374004,19.19,402.42,350.47,-7.8729,-5.1127,5.495
2025-11-07,375.39,384.01,366.2491418330649,374.3411077071667,18.39,402.63,348.14,-8.092,-5.7086,5.78
2025-11-10,374.38,382.95,364.6077353972088,372.9513960251544,17.91,403.02,345.73,-8.3437,-6.2356,5.965
2025-11-11,373.16,381.8,362.61885302840744,371.37573706032816,16.93,403.53,342.79,-8.7569,-6.7399,6.3379
2025-11-12,372.28,380.92,362.0636448701909,370.45975653734087,27.71,403.24,341.32,-8.3961,-7.0711,6.8171
2025-11-13,370.87,380.11,361.3323148901615,369.48570049753783,26.8,401.87,339.88,-8.1534,-7.2876,7.025
2025-11-14,368.96,379.17,359.94734336859824,368.21490786809056,25.92,399.54,338.37,-8.2676,-7.4836,7.3186
2025-11-17,367.31,378.42,359.5031366965062,367.38861839638014,30.35,396.64,337.97,-7.8855,-7.564,7.4743
2025-11-18,365.67,377.86,359.0441925893514,366.58353555220384,29.8,393.47,337.88,-7.5393,-7.559,7.7736
2025-11-19,363.72,377.25,357.5466244986819,365.30401440018875,32.01,390.26,337.18,-7.7574,-7.5987,7.1314
2025-11-20,361.6,376.42,355.4009899604232,363.69630962980443,34.64,387.43,335.77,-8.2953,-7.738,6.92
2025-11-21,359.79,375.62,354.5392991972812,362.66695336093,44.72,383.39,336.19,-8.1277,-7.816,7.0543
2025-11-24,358.0,374.63,353.4147916284687,361.5234753341944,45.76,379.48,336.51,-8.1087,-7.8745,7.3321
2025-11-25,356.27,373.75,352.800208301012,360.62692160573556,47.7,374.27,338.28,-7.8267,-7.8649,7.4121
2025-11-26,354.64,372.93,352.6001762547025,359.95085333864404,41.7,367.06,342.23,-7.3507,-7.7621,6.9771
2025-11-27,353.73,372.08,352.79399529244057,359.499679017263,46.38,362.99,344.46,-6.7057,-7.5508,6.8571
2025-11-28,353.38,371.23,353.0841498628343,359.142665756725,49.14,361.87,344.88,-6.0585,-7.2524,7.0057
2025-12-01,353.26,370.4,353.17735757624445,358.73876458956016,52.03,361.66,344.85,-5.5614,-6.9142,6.7807
2025-12-02,353.53,369.67,353.84699487220684,358.649226471815,48.39,362.12,344.93,-4.8022,-6.4918,6.4536
2025-12-03,353.56,368.8,353.71207258417496,358.22854302945836,45.55,362.14,344.99,-4.5165,-6.0967,6.4129
2025-12-04,353.48,368.17,354.5040614173788,358.2753176198689,56.57,361.81,345.15,-3.7713,-5.6316,6.4757
2025-12-05,353.6,367.58,355.34651350701284,358.4015903887675,53.17,362.22,344.97,-3.0551,-5.1163,6.6436
2025-12-08,353.95,367.03,356.47474219824164,358.71850961922917,56.38,363.46,344.44,-2.2438,-4.5418,6.4879
2025-12-09,354.71,366.71,358.0847818600506,359.3275089066937,69.46,365.78,343.65,-1.2427,-3.882,6.2293
2025-12-10,355.55,366.69,360.80866157388897,360.546952691383,83.23,370.01,341.09,0.2617,-3.0533,6.1293
2025-12-11,356.88,366.76,364.35655979329067,362.2745858253546,83.86,376.11,337.65,2.082,-2.0262,6.1821
2025-12-12,358.46,366.84,367.36016597893826,363.8749868753283,88.38,381.01,335.91,3.4852,-0.9239,5.6586
2025-12-15,359.89,366.95,370.18475582833236,365.4931359956744,88.29,385.5,334.28,4.6916,0.1992,5.6764
2025-12-16,361.69,367.21,373.627101085512,367.4980888848837,89.36,391.1,332.29,6.129,1.3851,6.2807
2025-12-17,364.08,367.65,377.23062399543323,369.6871193378553,89.78,396.81,331.35,7.5435,2.6168,6.4214
2025-12-18,366.8,368.1,380.4351433807512,371.78881420171786,89.81,401.37,332.24,8.6463,3.8227,6.3671
2025-12-19,369.46,368.58,383.8851213221741,374.0903835201091,92.18,406.58,332.33,9.7947,5.0171,6.5164
2025-12-22,372.2,369.11,386.6751026572242,376.15924400010107,90.23,410.48,333.91,10.5159,6.1169,6.2921
2025-12-23,374.72,369.58,388.7097022484205,377.9178185186121,94.4,413.34,336.1,10.7919,7.0519,5.9979
2025-12-24,376.94,369.97,389.8005172871251,379.2424245542704,86.17,415.02,338.85,10.5581,7.7531,5.8457
2025-12-25,379.13,370.21,391.0142838583366,380.6089116243245,86.38,416.66,341.59,10.4054,8.2836,5.6543
2025-12-26,380.96,370.23,391.06900941859254,381.40602928178197,75.87,417.03,344.9,9.663,8.5595,6.01
2025-12-29,382.64,370.17,390.49377720034755,381.84484192757594,68.46,416.42,348.87,8.6489,8.5773,6.0807
2025-12-30,384.24,370.18,390.3501191695248,382.41633511812586,64.16,415.98,352.51,7.9338,8.4486,5.7279
2025-12-31,386.35,370.32,391.0885623742133,383.3595695538202,62.23,414.77,357.94,7.729,8.3047,5.6386
2026-01-01,388.22,370.52,391.87186047048823,384.309231068352,63.05,413.79,362.64,7.5626,8.1563,5.7979
2026-01-02,389.94,370.69,392.24849732118236,385.0507695077334,59.12,411.88,367.99,7.1977,7.9646,5.7907
2026-01-05,391.34,370.84,392.0225746563851,385.47515695160496,47.97,409.15,373.53,6.5474,7.6811,5.305
2026-01-06,392.6,371.0,392.032947786172,385.9651453255601,43.9,406.21,378.99,6.0678,7.3585,4.975
2026-01-07,393.22,371.09,391.45557120368403,386.1366160421853,38.75,404.54,381.91,5.319,6.9506,4.9186
2026-01-08,393.52,371.44,391.21163717234805,386.41316300202345,33.87,404.09,382.96,4.7985,6.5202,4.5471
2026-01-09,393.84,372.01,391.0606160689099,386.69589166854024,35.18,403.53,384.15,4.3647,6.0891,4.5021
2026-01-12,394.23,372.76,391.4220597506161,387.1932330264262,42.06,403.13,385.32,4.2288,5.717,4.7821
2026-01-13,394.13,373.53,391.3094351735982,387.45225280224645,43.53,403.15,385.11,3.8572,5.3451,4.5357
2026-01-14,393.35,374.11,389.7787528391985,387.0009748168948,32.59,403.9,382.8,2.7778,4.8316,5.0771
2026-01-15,392.5,374.52,388.4481754793218,386.5660877934211,37.46,404.12,380.88,1.8821,4.2417,4.7464
2026-01-16,391.38,374.98,387.2207638671185,386.1145257346492,40.84,403.11,379.65,1.1062,3.6146,4.5307
2026-01-19,390.18,375.43,385.7975694260233,385.5112275320826,34.63,402.25,378.11,0.2863,2.9489,4.6843
2026-01-20,389.2,376.0,384.9594818220197,385.128914381558,28.55,401.12,377.28,-0.1694,2.3253,4.545
2026-01-21,388.05,376.28,383.08879231093977,384.2156614644055,21.5,401.61,374.49,-1.1269,1.6348,5.1129
2026-01-22,387.05,376.68,382.26436272464133,383.7352420966718,31.19,400.57,373.54,-1.4709,1.0137,5.2093
2026-01-23,386.23,377.14,381.143691536235,383.08670564506644,31.76,400.61,371.86,-1.943,0.4224,5.1529
2026-01-26,385.72,377.54,380.5046620691219,382.635097819506,32.84,400.66,370.78,-2.1304,-0.0882,5.1814
