timestamp,spot,open,high,low,close,volume
2023-01-03,451.55,450.42,452.63,448.91,451.55,35734472
2023-01-04,450.06,451.94,452.8,448.8,450.06,76666879
2023-01-05,452.31,449.63,452.82,449.55,452.31,78176754
2023-01-06,448.96,452.11,452.54,448.73,448.96,59717996
2023-01-09,451.09,448.78,454.3,445.76,451.09,57316359
2023-01-10,456.59,450.72,457.79,449.89,456.59,74758891
2023-01-11,453.33,456.69,456.76,453.16,453.33,78071431
2023-01-12,453.74,452.67,454.69,452.38,453.74,60204931
2023-01-13,452.33,454.18,455.13,450.94,452.33,39756953
2023-01-16,455.55,452.17,456.82,451.06,455.55,58064723
2023-01-17,448.75,455.77,457.04,447.26,448.75,67136386
2023-01-18,449.67,448.95,450.17,448.25,449.67,55071110
2023-01-19,442.92,449.68,450.48,442.11,442.92,72211199
2023-01-20,442.42,442.17,443.05,442.29,442.42,43293312
2023-01-23,444.62,443.0,445.22,441.82,444.62,59656040
2023-01-24,443.61,444.99,445.15,443.08,443.61,39090193
2023-01-25,440.7,443.38,443.72,440.59,440.7,68490143
2023-01-26,439.61,440.8,440.96,439.35,439.61,85387813
2023-01-27,446.04,439.2,446.86,438.78,446.04,59152852
2023-01-30,445.19,446.18,447.3,443.93,445.19,77571898
2023-01-31,446.87,445.31,449.35,442.71,446.87,52805883
2023-02-01,446.37,446.8,447.07,446.17,446.37,49465193
2023-02-02,446.2,446.81,446.54,446.02,446.2,57510566
2023-02-03,442.67,446.57,447.42,441.44,442.67,51456092
2023-02-06,441.96,442.87,443.64,440.98,441.96,58175247
2023-02-07,442.92,441.9,443.17,441.71,442.92,69287392
2023-02-08,440.72,443.6,443.62,440.02,440.72,67748516
2023-02-09,449.92,440.55,450.22,440.43,449.92,86921664
2023-02-10,453.47,449.85,453.47,449.92,453.47,70063618
2023-02-13,456.69,453.08,456.76,453.4,456.69,46717804
2023-02-14,460.88,456.47,460.92,456.65,460.88,60084903
2023-02-15,466.64,460.77,467.52,460.0,466.64,68637451
2023-02-16,467.11,467.52,470.37,463.38,467.11,52201349
2023-02-17,464.53,466.77,468.74,462.89,464.53,55187803
2023-02-20,459.74,464.48,465.73,458.53,459.74,38634074
2023-02-21,453.94,461.08,462.27,451.41,453.94,47426500
2023-02-22,460.96,454.29,461.26,453.65,460.96,71521491
2023-02-23,455.19,461.07,461.31,454.85,455.19,56670091
2023-02-24,455.93,455.19,456.0,455.12,455.93,54176629
2023-02-27,464.88,455.58,465.36,455.44,464.88,48313827
2023-02-28,466.8,465.09,467.87,463.81,466.8,48343539
2023-03-01,467.08,466.68,467.2,466.68,467.08,67288437
2023-03-02,466.24,466.91,467.43,465.89,466.24,38649173
2023-03-03,459.67,466.21,466.67,459.24,459.67,49206522
2023-03-06,462.39,459.87,463.99,458.07,462.39,91159017
2023-03-07,461.09,462.85,463.36,460.12,461.09,47325445
2023-03-08,466.53,461.43,469.01,458.6,466.53,41419396
2023-03-09,464.01,466.2,467.48,463.06,464.01,49794239
2023-03-10,460.63,464.29,465.8,458.84,460.63,30630657
2023-03-13,462.91,460.35,466.23,457.31,462.91,73863594
2023-03-14,465.0,463.29,465.94,461.98,465.0,81027073
2023-03-15,466.49,464.93,466.72,464.76,466.49,70750907
2023-03-16,465.85,466.11,467.74,464.61,465.85,68034592
2023-03-17,473.28,466.11,474.67,464.47,473.28,99914796
2023-03-20,481.7,473.9,481.87,473.12,481.7,40966106
2023-03-21,477.42,481.83,482.56,476.56,477.42,43808511
2023-03-22,474.84,477.49,478.61,473.65,474.84,76401996
2023-03-23,470.9,475.23,475.17,470.56,470.9,59093882
2023-03-24,470.27,470.29,474.39,466.78,470.27,42767219
2023-03-27,474.56,470.79,474.89,469.94,474.56,84915291
2023-03-28,475.13,473.86,476.1,473.59,475.13,51677992
2023-03-29,483.56,474.63,484.13,474.56,483.56,72120456
2023-03-30,487.92,483.04,488.65,482.83,487.92,55185750
2023-03-31,489.52,487.75,491.36,486.07,489.52,42847132
2023-04-03,494.67,489.69,494.85,489.34,494.67,94265188
2023-04-04,495.52,494.84,496.73,493.46,495.52,64612057
2023-04-05,488.2,495.29,497.09,486.63,488.2,60602126
2023-04-06,483.6,488.06,488.8,483.0,483.6,67779884
2023-04-07,488.36,484.85,488.37,483.59,488.36,68346196
2023-04-10,490.95,487.98,491.17,488.14,490.95,71454520
2023-04-11,495.61,491.17,495.97,490.59,495.61,60369904
2023-04-12,494.4,496.29,497.36,492.65,494.4,78427774
2023-04-13,481.68,494.61,497.57,478.5,481.68,56606415
2023-04-14,480.47,482.06,481.79,480.35,480.47,70169678
2023-04-17,484.61,480.04,485.93,479.15,484.61,85036765
2023-04-18,482.51,484.74,484.81,482.32,482.51,88470770
2023-04-19,480.3,482.82,484.91,477.91,480.3,56918430
2023-04-20,476.55,480.42,481.51,475.33,476.55,62311600
2023-04-21,477.56,476.86,478.54,475.57,477.56,70775569
2023-04-24,486.24,477.2,486.63,477.18,486.24,49516059
2023-04-25,486.02,485.87,486.31,485.95,486.02,78502768
2023-04-26,483.09,485.31,486.28,482.83,483.09,63980296
2023-04-27,483.98,483.7,485.69,481.39,483.98,61212239
2023-04-28,478.96,484.33,485.41,477.53,478.96,94959447
2023-05-01,480.14,479.08,481.85,477.24,480.14,92319482
2023-05-02,478.24,480.25,481.28,477.1,478.24,38375569
2023-05-03,483.8,478.5,484.61,477.42,483.8,76443897
2023-05-04,486.04,483.11,486.32,483.51,486.04,71694832
2023-05-05,488.95,486.75,489.68,485.31,488.95,58390213
2023-05-08,486.43,488.75,489.63,485.76,486.43,85439639
2023-05-09,493.66,485.49,494.2,485.9,493.66,60342740
2023-05-10,488.4,492.93,494.42,487.64,488.4,75487950
2023-05-11,486.86,487.56,489.29,485.97,486.86,67465860
2023-05-12,486.03,487.14,488.57,484.31,486.03,69791003
2023-05-15,492.03,486.02,494.49,483.57,492.03,51463653
2023-05-16,483.76,491.77,492.74,483.05,483.76,26528834
2023-05-17,480.47,483.93,484.95,479.29,480.47,100739034
2023-05-18,479.73,481.07,481.39,478.81,479.73,57180156
2023-05-19,483.81,479.53,484.51,479.03,483.81,69711158
2023-05-22,471.94,482.69,485.07,470.67,471.94,50545423
2023-05-23,477.57,471.91,479.1,470.4,477.57,80737604
2023-05-24,480.37,477.56,481.32,476.62,480.37,75524954
2023-05-25,479.46,480.7,482.57,477.25,479.46,59735714
2023-05-26,484.01,479.01,485.79,477.68,484.01,86917683
2023-05-29,479.55,484.04,484.55,479.01,479.55,73231082
2023-05-30,480.28,478.77,481.27,478.55,480.28,31290971
2023-05-31,476.33,480.72,480.4,476.22,476.33,91963917
2023-06-01,472.74,475.85,476.7,472.37,472.74,95731334
2023-06-02,468.74,472.95,473.6,467.89,468.74,83744979
2023-06-05,471.61,468.78,473.94,466.4,471.61,56657120
2023-06-06,479.25,472.24,479.58,471.28,479.25,65180797
2023-06-07,481.06,479.22,482.76,477.54,481.06,63804056
2023-06-08,481.19,480.96,481.25,481.0,481.19,48763592
2023-06-09,475.31,480.33,481.75,474.75,475.31,63159730
2023-06-12,480.07,474.8,481.22,474.16,480.07,70169073
2023-06-13,484.95,479.92,486.57,478.45,484.95,68258467
2023-06-14,486.11,485.1,486.91,484.15,486.11,58970111
2023-06-15,481.2,485.55,488.01,479.31,481.2,33250183
2023-06-16,481.42,479.92,483.0,479.62,481.42,70939008
2023-06-19,479.88,481.26,482.57,478.73,479.88,86412279
2023-06-20,487.44,479.83,489.48,477.83,487.44,66965867
2023-06-21,490.64,487.26,491.7,486.38,490.64,57653747
2023-06-22,491.75,490.85,492.11,490.27,491.75,35945496
2023-06-23,486.17,491.41,491.85,486.07,486.17,77465477
2023-06-26,483.9,485.68,486.51,483.56,483.9,75864240
2023-06-27,475.42,483.85,484.19,475.13,475.42,64580263
2023-06-28,470.72,475.56,476.84,469.3,470.72,83674210
2023-06-29,463.25,470.52,471.46,462.5,463.25,65578716
2023-06-30,460.38,462.53,463.87,459.75,460.38,70845375
2023-07-03,466.7,460.28,469.12,457.97,466.7,45844753
2023-07-04,463.64,466.41,467.4,462.94,463.64,79811077
2023-07-05,466.03,463.49,468.48,461.19,466.03,51994921
2023-07-06,465.31,466.22,466.27,465.07,465.31,61515960
2023-07-07,467.59,465.45,470.01,462.89,467.59,73843203
2023-07-10,472.31,468.0,472.63,467.28,472.31,72361500
2023-07-11,470.57,472.49,476.81,466.08,470.57,10273807
2023-07-12,472.93,471.22,473.94,469.56,472.93,57739548
2023-07-13,475.06,472.45,475.25,472.73,475.06,63354088
2023-07-14,473.87,475.07,476.43,472.49,473.87,60758063
2023-07-17,476.8,474.39,478.24,472.43,476.8,58814946
2023-07-18,478.85,477.15,479.14,476.51,478.85,70615796
2023-07-19,480.3,479.27,480.9,478.25,480.3,87189117
2023-07-20,479.92,480.36,481.28,478.94,479.92,66961462
2023-07-21,476.86,479.92,480.75,476.03,476.86,70103149
2023-07-24,480.16,477.54,481.74,475.28,480.16,57488828
2023-07-25,475.67,480.0,480.53,475.3,475.67,74295529
2023-07-26,477.61,475.5,480.46,472.82,477.61,32296849
2023-07-27,482.5,477.37,482.78,477.33,482.5,72277416
2023-07-28,486.85,482.82,487.9,481.46,486.85,50678122
2023-07-31,487.37,486.59,488.45,485.77,487.37,73138916
2023-08-01,482.0,488.56,487.51,481.86,482.0,44340265
2023-08-02,483.87,481.93,484.45,481.43,483.87,86810752
2023-08-03,481.08,484.09,485.31,479.65,481.08,86676889
2023-08-04,476.04,480.64,483.29,473.82,476.04,68401790
2023-08-07,473.2,475.96,476.4,472.84,473.2,71488916
2023-08-08,471.35,473.51,475.4,469.15,471.35,60849498
2023-08-09,475.11,471.92,476.02,470.44,475.11,88687782
2023-08-10,481.0,475.39,481.85,474.25,481.0,72794908
2023-08-11,474.58,481.4,482.88,472.7,474.58,87310974
2023-08-14,473.5,475.12,474.7,473.39,473.5,59580943
2023-08-15,475.72,473.39,476.79,472.44,475.72,62237363
2023-08-16,475.33,475.29,478.7,472.35,475.33,61053898
2023-08-17,474.58,475.35,475.43,474.49,474.58,63668053
2023-08-18,463.02,474.59,475.41,462.19,463.02,75351566
2023-08-21,468.18,463.46,468.45,462.74,468.18,69089678
2023-08-22,468.81,467.03,471.02,465.97,468.81,43734737
2023-08-23,467.67,468.4,470.21,466.27,467.67,101861361
2023-08-24,466.09,467.62,470.3,463.46,466.09,50032220
2023-08-25,462.55,466.28,466.61,462.03,462.55,45192665
2023-08-28,465.55,462.4,467.45,460.65,465.55,70480456
2023-08-29,472.64,465.9,472.99,465.2,472.64,94006902
2023-08-30,468.04,472.02,474.25,466.42,468.04,57707088
2023-08-31,464.85,467.62,469.11,463.78,464.85,99224493
2023-09-01,462.46,463.62,465.94,461.38,462.46,44329860
2023-09-04,456.01,463.06,462.54,455.93,456.01,71164738
2023-09-05,458.94,456.26,459.89,455.06,458.94,73492816
2023-09-06,452.27,458.58,459.51,451.71,452.27,65398780
2023-09-07,461.1,453.04,462.78,450.59,461.1,57035352
2023-09-08,458.95,460.38,461.38,458.67,458.95,79509488
2023-09-11,460.59,459.3,461.57,457.97,460.59,64421926
2023-09-12,465.72,460.38,466.92,459.39,465.72,64256617
2023-09-13,469.17,466.43,470.08,464.81,469.17,86740172
2023-09-14,465.99,469.93,470.12,465.04,465.99,70455472
2023-09-15,454.83,466.01,467.24,453.58,454.83,68756694
2023-09-18,464.8,454.63,465.05,454.58,464.8,59081407
2023-09-19,468.7,464.26,469.6,463.91,468.7,50519732
2023-09-20,471.6,467.54,471.95,468.36,471.6,50053720
2023-09-21,470.15,471.29,472.68,469.07,470.15,71059310
2023-09-22,469.3,470.71,472.17,467.28,469.3,53592367
2023-09-25,461.79,469.44,470.73,460.37,461.79,41166536
2023-09-26,452.63,461.92,463.1,451.32,452.63,71179573
2023-09-27,456.17,452.27,456.51,452.29,456.17,71416945
2023-09-28,450.18,455.84,456.75,449.6,450.18,78738954
2023-09-29,453.32,451.04,453.9,449.6,453.32,71992664
2023-10-02,451.13,453.74,453.95,450.51,451.13,39001863
2023-10-03,453.17,451.7,455.24,449.06,453.17,79393857
2023-10-04,455.19,453.33,455.23,453.13,455.19,73341129
2023-10-05,462.39,455.05,466.52,451.07,462.39,62530234
2023-10-06,468.0,461.97,468.45,461.95,468.0,54921319
2023-10-09,469.93,468.29,472.15,465.78,469.93,62262502
2023-10-10,474.42,469.7,474.65,469.71,474.42,56290228
2023-10-11,476.89,474.23,477.45,473.86,476.89,98445977
2023-10-12,481.39,477.36,483.53,474.75,481.39,79567085
2023-10-13,480.77,481.48,482.81,479.35,480.77,51328345
2023-10-16,483.13,480.33,483.4,480.5,483.13,51977098
2023-10-17,482.94,482.52,486.15,479.91,482.94,81812609
2023-10-18,477.53,483.08,483.11,477.36,477.53,99886696
2023-10-19,475.26,477.48,478.15,474.65,475.26,59071337
2023-10-20,483.56,475.43,485.45,473.36,483.56,79444408
2023-10-23,485.37,482.94,485.42,483.51,485.37,44596124
2023-10-24,485.9,484.27,485.91,485.36,485.9,62138593
2023-10-25,479.89,486.12,488.05,477.73,479.89,73449696
2023-10-26,482.98,479.23,483.99,478.87,482.98,69925519
2023-10-27,482.99,482.81,484.2,481.77,482.99,48440170
2023-10-30,485.5,482.68,486.08,482.41,485.5,84877200
2023-10-31,487.03,486.47,487.06,485.46,487.03,66985197
2023-11-01,489.15,487.13,490.29,485.89,489.15,54276851
2023-11-02,484.53,489.04,491.18,482.51,484.53,62174238
2023-11-03,487.28,484.83,488.69,483.12,487.28,73330403
2023-11-06,484.08,487.65,488.1,483.26,484.08,39689784
2023-11-07,483.37,484.03,484.3,483.15,483.37,85457754
2023-11-08,480.76,482.62,483.77,480.36,480.76,54134862
2023-11-09,476.01,481.13,481.53,475.23,476.01,77136819
2023-11-10,476.57,475.56,477.71,474.86,476.57,55477802
2023-11-13,478.76,476.46,478.79,476.55,478.76,70122630
2023-11-14,474.87,477.7,479.74,473.89,474.87,70185898
2023-11-15,476.58,474.1,476.68,474.76,476.58,29834850
2023-11-16,475.41,476.5,477.76,474.23,475.41,54056342
2023-11-17,476.41,474.9,477.74,474.08,476.41,64175977
2023-11-20,472.17,476.65,477.66,470.92,472.17,67928945
2023-11-21,473.12,472.2,473.16,472.13,473.12,54828927
2023-11-22,467.21,473.39,473.9,466.44,467.21,65698362
2023-11-23,467.99,467.96,470.5,464.7,467.99,70625932
2023-11-24,464.95,468.12,468.01,464.93,464.95,81267727
2023-11-27,465.07,465.18,466.72,463.3,465.07,28788382
2023-11-28,465.36,464.99,466.67,463.76,465.36,54587921
2023-11-29,467.37,464.63,467.62,465.11,467.37,70827113
2023-11-30,467.97,467.32,469.3,466.04,467.97,91974315
2023-12-01,468.96,467.65,469.3,467.64,468.96,63660193
2023-12-04,470.81,469.42,472.7,467.07,470.81,70467875
2023-12-05,464.89,471.39,471.46,464.25,464.89,55407449
2023-12-06,465.95,464.65,466.98,463.87,465.95,41412076
2023-12-07,460.75,467.06,466.55,460.16,460.75,38934281
2023-12-08,458.7,460.86,463.78,455.67,458.7,93543611
2023-12-11,463.0,457.65,463.72,457.98,463.0,74614860
2023-12-12,463.59,463.28,464.23,462.37,463.59,44924263
2023-12-13,460.7,463.64,465.12,459.17,460.7,50892046
2023-12-14,460.94,460.6,460.99,460.66,460.94,43370318
2023-12-15,454.64,461.0,462.1,453.48,454.64,59170502
2023-12-18,448.19,454.38,455.8,447.03,448.19,69707285
2023-12-19,444.44,447.94,449.17,443.46,444.44,81487873
2023-12-20,454.29,443.92,454.38,444.35,454.29,53335911
2023-12-21,449.62,454.67,455.95,447.97,449.62,51233696
2023-12-22,450.01,450.13,452.17,447.46,450.01,69453738
2023-12-25,444.84,450.05,451.15,443.7,444.84,28454365
2023-12-26,450.58,444.97,452.79,442.62,450.58,80232728
2023-12-27,451.91,450.43,454.47,448.02,451.91,60090418
2023-12-28,449.92,451.78,452.54,449.29,449.92,58855266
2023-12-29,452.18,450.35,452.24,449.86,452.18,35707767
2024-01-01,452.23,452.48,452.87,451.54,452.23,78989582
2024-01-02,441.52,452.52,454.12,439.63,441.52,51805363
2024-01-03,448.79,441.85,449.1,441.21,448.79,65861151
2024-01-04,451.51,448.67,451.81,448.49,451.51,87174184
2024-01-05,451.64,450.92,453.78,449.37,451.64,34434072
2024-01-08,449.8,451.74,452.59,448.85,449.8,60509931
2024-01-09,446.4,449.98,451.38,444.82,446.4,44045569
2024-01-10,453.49,446.47,453.92,445.97,453.49,61864516
2024-01-11,454.77,453.21,455.64,452.63,454.77,47084517
2024-01-12,458.77,454.04,461.06,452.48,458.77,75872820
2024-01-15,459.35,458.28,459.75,458.37,459.35,67994525
2024-01-16,464.19,458.36,465.76,457.77,464.19,61003796
2024-01-17,466.31,463.93,467.76,462.73,466.31,81069568
2024-01-18,468.98,466.38,469.02,466.27,468.98,57952452
2024-01-19,471.21,469.53,474.9,465.29,471.21,19285511
2024-01-22,470.03,471.7,472.53,468.71,470.03,36177432
2024-01-23,465.21,470.43,471.29,463.94,465.21,75986417
2024-01-24,461.41,465.95,467.03,459.58,461.41,64500578
2024-01-25,457.98,460.84,461.53,457.86,457.98,32294506
2024-01-26,454.81,458.9,459.11,453.68,454.81,65846173
2024-01-29,451.97,455.23,456.19,450.6,451.97,46959551
2024-01-30,452.76,451.87,453.11,451.62,452.76,53984183
2024-01-31,452.46,452.65,453.77,451.44,452.46,60399540
2024-02-01,446.35,452.56,455.09,443.71,446.35,88626242
2024-02-02,443.8,446.0,446.71,443.44,443.8,60651865
2024-02-05,440.21,444.04,444.33,439.67,440.21,68474906
2024-02-06,442.05,439.97,442.18,440.08,442.05,98212289
2024-02-07,444.09,442.55,445.99,440.15,444.09,63587081
2024-02-08,446.78,444.38,449.0,441.87,446.78,64847058
2024-02-09,446.74,446.99,447.49,446.03,446.74,65220202
2024-02-12,446.56,447.0,448.44,444.86,446.56,25971675
2024-02-13,451.26,446.38,451.95,445.86,451.26,66706222
2024-02-14,454.52,451.67,454.8,450.98,454.52,74900562
2024-02-15,450.09,454.75,455.17,449.43,450.09,66533849
2024-02-16,445.65,450.25,453.27,442.46,445.65,73746622
2024-02-19,443.56,446.41,447.21,442.0,443.56,69092937
2024-02-20,442.99,443.8,443.6,442.95,442.99,62059935
2024-02-21,434.98,442.42,443.06,434.91,434.98,64482877
2024-02-22,431.15,434.48,435.48,430.65,431.15,67376720
2024-02-23,430.82,431.35,431.94,430.03,430.82,67926559
2024-02-26,434.24,431.2,435.2,429.86,434.24,52932100
2024-02-27,435.28,434.58,436.08,433.44,435.28,60804847
2024-02-28,431.4,435.45,435.52,431.15,431.4,72445145
2024-02-29,433.26,431.44,433.33,431.33,433.26,68226472
2024-03-01,433.5,433.25,433.57,433.19,433.5,67897723
2024-03-04,435.13,434.51,435.23,433.39,435.13,59329410
2024-03-05,433.87,435.26,436.09,432.91,433.87,83886722
2024-03-06,443.14,433.57,443.87,433.15,443.14,50859801
2024-03-07,443.66,442.77,444.41,442.39,443.66,48866415
2024-03-08,444.83,443.33,445.48,443.01,444.83,57176920
2024-03-11,446.98,446.08,448.2,443.61,446.98,39361608
2024-03-12,444.31,446.44,447.28,444.01,444.31,70025635
2024-03-13,446.07,445.25,446.43,443.94,446.07,68516466
2024-03-14,439.87,445.86,446.2,439.73,439.87,95163891
2024-03-15,436.62,439.94,439.91,436.58,436.62,37155326
2024-03-18,435.96,436.54,437.18,435.4,435.96,66362000
2024-03-19,435.02,436.22,436.41,434.57,435.02,58486993
2024-03-20,439.73,435.03,440.65,434.1,439.73,65169165
2024-03-21,434.06,439.77,440.63,433.16,434.06,53089346
2024-03-22,434.73,434.18,437.31,431.48,434.73,72276226
2024-03-25,440.34,434.71,441.43,433.64,440.34,63647113
2024-03-26,444.31,440.76,445.62,439.03,444.31,72384453
2024-03-27,441.93,443.85,445.47,440.76,441.93,63732201
2024-03-28,445.01,442.03,445.3,441.64,445.01,81268795
2024-03-29,442.66,445.23,445.19,442.48,442.66,76840498
2024-04-01,436.57,442.18,443.08,436.15,436.57,74469120
2024-04-02,425.61,436.33,438.64,423.54,425.61,35237851
2024-04-03,429.5,425.76,429.97,425.14,429.5,75462324
2024-04-04,423.57,430.01,430.81,422.26,423.57,58600925
2024-04-05,431.82,423.44,432.3,423.09,431.82,57646667
2024-04-08,430.44,432.66,432.32,429.95,430.44,65200637
2024-04-09,433.25,430.47,434.6,429.1,433.25,72441810
2024-04-10,434.82,433.44,435.11,432.96,434.82,83866684
2024-04-11,425.06,435.46,437.6,422.28,425.06,67542108
2024-04-12,418.36,424.85,425.1,418.31,418.36,66269919
2024-04-15,422.97,418.28,424.88,416.45,422.97,34178580
2024-04-16,418.71,423.61,423.91,417.78,418.71,76241855
2024-04-17,418.62,417.8,420.31,417.02,418.62,67251216
2024-04-18,425.82,418.47,427.17,417.27,425.82,72205014
2024-04-19,430.75,426.16,431.89,424.68,430.75,48490081
2024-04-22,437.24,430.97,440.17,427.83,437.24,54514672
2024-04-23,436.16,437.02,439.2,434.2,436.16,75260568
2024-04-24,439.16,435.31,439.21,436.1,439.16,75589546
2024-04-25,435.41,439.08,439.73,434.84,435.41,55336876
2024-04-26,439.6,435.04,440.48,434.54,439.6,40287555
2024-04-29,429.04,440.3,440.83,427.81,429.04,39458320
2024-04-30,434.64,429.3,435.41,428.27,434.64,30093503
2024-05-01,440.54,435.13,440.66,434.53,440.54,96603270
2024-05-02,446.35,440.09,447.31,439.58,446.35,66537085
2024-05-03,443.1,446.29,447.37,442.08,443.1,66051697
2024-05-06,445.73,442.93,448.41,440.42,445.73,58128772
2024-05-07,443.95,445.36,446.3,443.39,443.95,58841990
2024-05-08,442.08,443.39,445.83,440.2,442.08,45302484
2024-05-09,439.88,442.66,442.51,439.45,439.88,74929213
2024-05-10,438.49,439.48,440.48,437.9,438.49,65547211
2024-05-13,441.05,438.11,442.8,436.74,441.05,68261606
2024-05-14,440.76,441.65,441.89,439.92,440.76,64966246
2024-05-15,443.18,441.73,444.18,439.76,443.18,63168741
2024-05-16,446.93,443.63,447.16,442.96,446.93,72266801
2024-05-17,451.31,446.8,452.07,446.18,451.31,55978087
2024-05-20,453.61,451.31,454.09,450.83,453.61,86539910
2024-05-21,453.03,452.79,453.81,452.83,453.03,93395733
2024-05-22,451.84,453.55,453.59,451.29,451.84,73132929
2024-05-23,451.29,451.11,452.8,450.34,451.29,74216601
2024-05-24,452.83,451.27,453.67,450.45,452.83,57693296
2024-05-27,446.05,452.78,454.84,444.05,446.05,58495587
2024-05-28,444.78,446.69,446.96,443.87,444.78,87351865
2024-05-29,449.78,444.36,451.04,443.52,449.78,68020172
2024-05-30,451.79,450.45,452.57,449.0,451.79,67743720
2024-05-31,448.56,452.41,453.33,447.01,448.56,50133405
2024-06-03,450.03,448.6,451.25,447.34,450.03,86152429
2024-06-04,446.26,450.36,450.69,445.61,446.26,40877212
2024-06-05,447.54,446.02,448.84,444.96,447.54,86169754
2024-06-06,452.12,447.46,453.25,446.42,452.12,77407591
2024-06-07,455.16,451.28,455.58,451.7,455.16,54815310
2024-06-10,452.13,454.85,455.99,451.3,452.13,88060363
2024-06-11,451.55,451.76,454.03,449.65,451.55,64363492
2024-06-12,451.39,452.09,453.03,449.91,451.39,60061859
2024-06-13,448.81,450.95,451.51,448.69,448.81,50647449
2024-06-14,455.7,449.88,456.06,448.45,455.7,49139198
2024-06-17,452.2,455.82,456.46,451.44,452.2,50741956
2024-06-18,447.9,451.56,452.66,447.44,447.9,58661585
2024-06-19,446.79,448.21,448.76,445.93,446.79,86539671
2024-06-20,445.79,447.02,448.9,443.68,445.79,38398781
2024-06-21,444.83,445.13,446.77,443.85,444.83,67117535
2024-06-24,450.18,444.37,451.74,443.26,450.18,64050202
2024-06-25,454.14,450.35,454.32,450.0,454.14,52070264
2024-06-26,457.72,454.06,457.98,453.88,457.72,71004648
2024-06-27,457.33,457.69,458.62,456.43,457.33,47896897
2024-06-28,457.9,456.83,459.22,456.0,457.9,67635506
2024-07-01,458.72,457.48,459.18,457.44,458.72,62456739
2024-07-02,454.03,458.51,460.85,451.91,454.03,64615414
2024-07-03,453.04,453.64,455.94,451.13,453.04,74713611
2024-07-04,457.83,452.83,459.27,451.6,457.83,62498363
2024-07-05,456.18,458.32,457.98,456.03,456.18,47036175
2024-07-08,459.59,455.44,460.51,455.26,459.59,56997207
2024-07-09,456.75,459.97,461.82,454.52,456.75,76548439
2024-07-10,455.8,457.95,457.29,455.25,455.8,73338680
2024-07-11,451.15,456.03,456.73,450.22,451.15,80989664
2024-07-12,451.28,450.95,452.09,450.35,451.28,87193855
2024-07-15,448.81,451.54,452.29,447.81,448.81,61137182
2024-07-16,447.55,448.37,450.16,446.2,447.55,52167103
2024-07-17,437.14,447.27,449.83,434.86,437.14,59533573
2024-07-18,437.25,437.49,439.57,434.82,437.25,76293082
2024-07-19,438.93,437.26,440.59,435.59,438.93,63256000
2024-07-22,428.95,439.36,440.6,427.27,428.95,79557469
2024-07-23,428.35,429.46,429.37,427.93,428.35,66130993
2024-07-24,431.95,427.9,433.16,427.14,431.95,56484167
2024-07-25,437.82,432.54,440.35,429.41,437.82,68650983
2024-07-26,437.51,437.43,438.43,436.9,437.51,42970408
2024-07-29,453.72,437.73,455.67,435.55,453.72,87939702
2024-07-30,443.61,452.86,455.52,441.81,443.61,66754703
2024-07-31,440.79,443.75,444.25,440.15,440.79,78406981
2024-08-01,440.85,440.85,441.68,439.96,440.85,59042085
2024-08-02,443.16,440.56,444.22,439.79,443.16,46844019
2024-08-05,438.39,442.54,444.11,437.44,438.39,80318334
2024-08-06,438.69,437.86,438.72,438.35,438.69,73158155
2024-08-07,438.75,439.54,439.32,438.12,438.75,88638804
2024-08-08,443.43,438.19,443.77,438.41,443.43,55333163
2024-08-09,447.51,443.29,449.53,441.41,447.51,53808252
2024-08-12,452.56,446.72,456.4,443.67,452.56,86324404
2024-08-13,460.36,452.42,460.4,452.52,460.36,63018481
2024-08-14,462.48,459.83,464.17,458.68,462.48,76322928
2024-08-15,451.95,462.54,463.29,451.15,451.95,67765500
2024-08-16,451.89,451.96,453.05,450.79,451.89,41000759
2024-08-19,461.4,451.87,462.81,450.48,461.4,64538842
2024-08-20,462.91,461.12,463.08,461.23,462.91,99494961
2024-08-21,462.1,462.7,464.73,460.28,462.1,68158020
2024-08-22,468.38,462.07,470.55,459.93,468.38,100853340
2024-08-23,462.25,468.22,469.65,460.98,462.25,83735340
2024-08-26,454.13,461.34,462.99,453.39,454.13,80904908
2024-08-27,465.45,454.19,466.05,453.54,465.45,79808710
2024-08-28,470.53,464.88,473.41,462.57,470.53,87518537
2024-08-29,469.8,469.89,471.58,468.74,469.8,52385762
2024-08-30,472.42,470.31,472.89,469.33,472.42,72302278
2024-09-02,468.68,472.37,474.16,466.95,468.68,51652940
2024-09-03,467.0,469.1,469.43,466.26,467.0,86353392
2024-09-04,462.69,466.47,467.67,462.03,462.69,58374623
2024-09-05,461.15,463.84,463.0,460.85,461.15,67557622
2024-09-06,462.56,460.76,465.77,457.94,462.56,77885690
2024-09-09,466.72,462.55,468.07,461.2,466.72,39119686
2024-09-10,464.38,466.47,467.07,464.03,464.38,57937675
2024-09-11,459.63,464.96,465.94,458.07,459.63,55024074
2024-09-12,468.38,459.33,470.26,457.76,468.38,95198696
2024-09-13,465.84,468.35,469.98,464.24,465.84,65669874
2024-09-16,459.35,466.4,466.2,458.99,459.35,89239736
2024-09-17,463.02,458.98,463.24,459.14,463.02,46268860
2024-09-18,466.4,463.28,466.75,462.67,466.4,64359753
2024-09-19,468.3,466.43,469.28,465.42,468.3,55645962
2024-09-20,474.59,469.22,475.38,467.51,474.59,62161314
2024-09-23,475.91,474.99,476.45,474.06,475.91,63291254
2024-09-24,477.25,475.85,477.83,475.34,477.25,55876404
2024-09-25,476.2,477.23,478.16,475.29,476.2,73200005
2024-09-26,473.36,475.9,477.4,472.17,473.36,51234365
2024-09-27,476.64,473.73,476.69,473.31,476.64,38580658
2024-09-30,479.62,475.92,480.98,475.27,479.62,54319187
2024-10-01,473.32,479.45,480.64,472.3,473.32,44569237
2024-10-02,473.79,473.82,473.94,473.17,473.79,45473303
2024-10-03,472.06,473.65,475.32,470.53,472.06,81567425
2024-10-04,474.24,471.8,475.57,470.73,474.24,65618091
2024-10-07,469.47,473.62,474.91,468.8,469.47,83123942
2024-10-08,475.97,468.61,478.19,467.25,475.97,68826230
2024-10-09,475.77,475.76,478.0,473.74,475.77,87648060
2024-10-10,473.51,476.12,477.38,471.9,473.51,78637394
2024-10-11,469.29,473.74,473.9,468.89,469.29,70054350
2024-10-14,473.67,469.27,475.35,467.6,473.67,43922534
2024-10-15,475.38,473.25,477.72,471.33,475.38,59938553
2024-10-16,477.14,475.57,477.87,474.64,477.14,23758469
2024-10-17,472.81,477.05,477.67,472.28,472.81,59342106
2024-10-18,477.45,472.62,478.53,471.73,477.45,91154328
2024-10-21,483.24,476.8,484.55,476.14,483.24,81098867
2024-10-22,482.36,483.51,483.91,481.69,482.36,56255091
2024-10-23,482.19,482.62,482.56,481.98,482.19,95926987
2024-10-24,494.47,482.52,495.04,481.62,494.47,49865510
2024-10-25,497.08,495.01,497.24,494.32,497.08,77947261
2024-10-28,501.54,496.92,503.38,495.24,501.54,67482731
2024-10-29,502.77,501.2,502.84,501.46,502.77,61081034
2024-10-30,494.87,502.63,502.84,494.8,494.87,61297643
2024-10-31,487.72,495.7,495.9,486.69,487.72,76731923
2024-11-01,488.95,487.27,489.67,487.01,488.95,65974146
2024-11-04,485.41,488.65,492.63,481.73,485.41,57133776
2024-11-05,485.28,484.96,485.67,485.02,485.28,72285334
2024-11-06,484.2,485.16,485.44,484.05,484.2,41955915
2024-11-07,484.27,484.07,485.03,483.44,484.27,50524809
2024-11-08,485.79,484.23,486.67,483.39,485.79,71391859
2024-11-11,478.78,484.95,487.28,477.29,478.78,53064817
2024-11-12,481.44,477.89,481.77,478.45,481.44,57584900
2024-11-13,478.23,480.83,483.54,476.13,478.23,75644927
2024-11-14,478.16,478.3,480.75,475.64,478.16,59629059
2024-11-15,478.76,478.75,478.93,477.99,478.76,65119910
2024-11-18,473.92,478.94,479.33,473.35,473.92,72876439
2024-11-19,465.12,473.97,474.49,464.55,465.12,45811190
2024-11-20,465.74,466.04,468.86,462.0,465.74,65697697
2024-11-21,471.52,466.2,472.17,465.1,471.52,56925513
2024-11-22,475.44,472.21,476.62,470.35,475.44,52308467
2024-11-25,474.23,474.77,475.62,474.06,474.23,45274563
2024-11-26,485.84,474.91,488.98,471.09,485.84,79046006
2024-11-27,492.03,486.14,494.21,483.66,492.03,32937491
2024-11-28,492.22,492.51,493.69,490.57,492.22,84650595
2024-11-29,496.29,492.1,496.43,492.08,496.29,46814475
2024-12-02,497.75,496.79,497.83,496.22,497.75,81189734
2024-12-03,496.37,497.16,498.91,495.21,496.37,67422869
2024-12-04,499.16,496.62,501.04,494.49,499.16,44092472
2024-12-05,501.36,499.13,502.16,498.37,501.36,65188677
2024-12-06,501.69,500.9,504.48,498.57,501.69,88523096
2024-12-09,492.35,501.59,504.58,489.46,492.35,84604993
2024-12-10,483.81,492.77,493.0,483.16,483.81,52787450
2024-12-11,482.88,483.5,484.33,482.36,482.88,89082250
2024-12-12,486.5,483.38,488.7,480.68,486.5,39438505
2024-12-13,485.23,486.09,487.61,484.12,485.23,75765884
2024-12-16,484.17,485.57,488.57,480.83,484.17,47144847
2024-12-17,489.08,484.13,489.81,483.45,489.08,55874487
2024-12-18,490.42,489.4,493.13,486.37,490.42,95818176
2024-12-19,492.69,490.52,494.88,488.23,492.69,53005138
2024-12-20,502.61,492.5,503.59,491.72,502.61,102391082
2024-12-23,488.64,503.83,504.94,486.31,488.64,44157149
2024-12-24,494.58,489.02,497.77,485.45,494.58,64416349
2024-12-25,490.41,495.01,498.66,486.33,490.41,82873904
2024-12-26,488.52,489.98,491.8,487.13,488.52,80781123
2024-12-27,488.91,488.83,491.54,485.89,488.91,75903092
2024-12-30,488.08,488.78,491.66,485.33,488.08,85045691
2024-12-31,476.28,487.76,488.29,476.07,476.28,60890123
2025-01-01,473.25,476.96,476.4,473.13,473.25,68850417
2025-01-02,478.14,474.16,478.68,472.71,478.14,51395945
2025-01-03,481.27,478.06,481.99,477.43,481.27,41270712
2025-01-06,467.64,481.53,482.44,466.46,467.64,73507560
2025-01-07,481.99,467.31,483.29,466.33,481.99,66195091
2025-01-08,483.04,482.12,485.31,479.71,483.04,46809218
2025-01-09,492.76,482.1,492.94,482.85,492.76,45165704
2025-01-10,487.73,492.16,495.09,485.4,487.73,64242888
2025-01-13,481.98,487.65,488.25,481.46,481.98,73954188
2025-01-14,485.54,482.02,485.87,481.65,485.54,53273146
2025-01-15,488.93,485.56,489.56,484.91,488.93,75446178
2025-01-16,488.2,489.24,489.46,487.67,488.2,69231318
2025-01-17,494.03,488.23,494.95,487.28,494.03,58306921
2025-01-20,488.52,493.66,497.99,484.56,488.52,39374001
2025-01-21,485.68,488.16,490.66,483.54,485.68,84490203
2025-01-22,484.3,485.44,486.23,483.75,484.3,62017525
2025-01-23,469.83,484.45,486.18,467.95,469.83,73854808
2025-01-24,477.22,470.18,479.42,467.63,477.22,58408047
2025-01-27,481.71,476.79,483.98,474.95,481.71,71898503
2025-01-28,484.65,482.36,486.82,479.53,484.65,92373185
2025-01-29,485.04,484.42,486.23,483.46,485.04,88230883
2025-01-30,472.99,484.52,489.16,468.86,472.99,77588020
2025-01-31,466.96,473.45,473.72,466.22,466.96,25622799
2025-02-03,466.19,466.81,467.61,465.54,466.19,57097202
2025-02-04,460.25,466.92,466.64,459.8,460.25,60495376
2025-02-05,459.78,460.13,461.05,458.98,459.78,77813597
2025-02-06,450.85,459.69,464.95,445.68,450.85,53378420
2025-02-07,455.38,450.77,456.12,450.11,455.38,44258927
2025-02-10,469.39,455.33,474.59,450.17,469.39,106092561
2025-02-11,473.82,469.22,476.81,466.4,473.82,66372896
2025-02-12,473.95,473.24,474.82,472.95,473.95,75711706
2025-02-13,461.42,474.74,474.88,460.49,461.42,69725645
2025-02-14,454.02,460.83,464.08,451.36,454.02,71026233
2025-02-17,444.44,454.66,455.12,443.34,444.44,69855783
2025-02-18,444.88,444.32,445.76,443.56,444.88,54112126
2025-02-19,428.14,444.17,446.26,426.76,428.14,44478157
2025-02-20,430.46,427.49,431.87,426.73,430.46,61534104
2025-02-21,419.19,429.82,432.7,416.95,419.19,85288908
2025-02-24,410.35,419.06,419.69,409.85,410.35,55230558
2025-02-25,412.51,410.62,414.66,408.19,412.51,65187706
2025-02-26,403.36,412.07,413.99,401.88,403.36,76328776
2025-02-27,405.93,403.55,408.21,401.08,405.93,66021514
2025-02-28,404.08,406.43,407.25,402.76,404.08,64241188
2025-03-03,403.78,405.04,405.44,402.42,403.78,64007110
2025-03-04,391.19,403.53,405.67,389.3,391.19,52566872
2025-03-05,394.37,390.88,394.8,390.76,394.37,50078403
2025-03-06,388.29,394.46,394.76,387.9,388.29,90511891
2025-03-07,390.15,388.59,391.44,387.01,390.15,69911166
2025-03-10,382.26,389.71,391.25,381.16,382.26,71598859
2025-03-11,383.88,381.99,384.38,381.75,383.88,74028434
2025-03-12,382.59,383.97,385.93,380.54,382.59,78428276
2025-03-13,390.07,382.77,390.56,382.1,390.07,52429712
2025-03-14,391.49,390.14,394.24,387.33,391.49,63304394
2025-03-17,389.83,391.64,391.81,389.52,389.83,44651002
2025-03-18,384.73,389.77,390.86,383.7,384.73,67945919
2025-03-19,387.91,384.79,389.07,383.57,387.91,97982717
2025-03-20,387.03,387.9,388.16,386.79,387.03,43348298
2025-03-21,386.22,387.06,387.32,385.94,386.22,78341201
2025-03-24,383.33,386.55,386.83,382.71,383.33,75701906
2025-03-25,384.74,383.09,385.82,382.25,384.74,67721470
2025-03-26,384.38,384.65,388.42,380.7,384.38,62640232
2025-03-27,377.7,384.19,388.75,373.33,377.7,59065346
2025-03-28,382.38,378.09,382.98,377.11,382.38,64703632
2025-03-31,379.97,382.41,386.2,376.16,379.97,53519667
2025-04-01,369.75,380.14,381.42,368.3,369.75,61705074
2025-04-02,365.05,370.04,370.39,364.41,365.05,28720785
2025-04-03,365.27,364.82,366.29,364.03,365.27,73206834
2025-04-04,372.21,365.0,373.5,363.98,372.21,55316050
2025-04-07,374.48,372.59,374.64,372.05,374.48,60435347
2025-04-08,380.63,374.45,381.26,373.85,380.63,49208254
2025-04-09,381.86,380.58,382.39,380.1,381.86,116810696
2025-04-10,389.5,382.62,389.65,381.71,389.5,63257010
2025-04-11,397.21,389.23,398.52,388.19,397.21,56604495
2025-04-14,402.79,396.68,404.87,395.13,402.79,72998780
2025-04-15,404.38,402.75,405.92,401.25,404.38,72554754
2025-04-16,404.81,404.17,406.38,402.81,404.81,71149033
2025-04-17,400.79,404.23,404.93,400.66,400.79,100337317
2025-04-18,402.87,401.64,403.96,399.69,402.87,80048088
2025-04-21,397.52,402.98,404.24,396.15,397.52,40409151
2025-04-22,393.44,398.36,398.35,392.61,393.44,85843403
2025-04-23,398.07,393.46,398.6,392.92,398.07,69509222
2025-04-24,397.48,398.26,400.04,395.51,397.48,90786636
2025-04-25,400.72,397.21,402.81,395.39,400.72,71281967
2025-04-28,396.68,401.0,402.86,394.54,396.68,50585054
2025-04-29,400.34,396.65,400.75,396.27,400.34,74611777
2025-04-30,394.06,400.33,400.75,393.65,394.06,68230156
2025-05-01,402.53,394.25,403.26,393.32,402.53,37452346
2025-05-02,391.85,402.38,405.36,389.02,391.85,69377191
2025-05-05,396.98,391.54,397.81,391.02,396.98,70139707
2025-05-06,389.6,397.71,397.68,388.9,389.6,70905874
2025-05-07,388.27,390.15,391.25,386.62,388.27,26911881
2025-05-08,385.84,388.01,389.57,384.54,385.84,63044086
2025-05-09,376.39,385.87,388.19,374.04,376.39,71766309
2025-05-12,386.02,376.8,386.77,375.64,386.02,54164594
2025-05-13,386.07,386.15,389.72,382.37,386.07,29329190
2025-05-14,386.37,386.05,386.42,386.02,386.37,74195663
2025-05-15,402.42,385.79,402.58,386.22,402.42,66747026
2025-05-16,408.05,401.71,408.95,401.52,408.05,92553427
2025-05-19,413.55,408.11,414.9,406.7,413.55,57936178
2025-05-20,401.81,413.35,413.69,401.66,401.81,56595091
2025-05-21,388.28,401.73,402.76,387.32,388.28,47781456
2025-05-22,382.27,388.14,389.78,380.76,382.27,58282003
2025-05-23,384.26,381.43,385.28,381.24,384.26,79531107
2025-05-26,383.5,384.03,387.0,380.76,383.5,47955457
2025-05-27,370.65,383.32,383.74,370.42,370.65,45134266
2025-05-28,373.35,370.51,374.55,369.45,373.35,60749852
2025-05-29,382.05,372.95,384.11,371.29,382.05,51152523
2025-05-30,382.46,381.57,384.1,380.41,382.46,64272741
2025-06-02,390.51,382.26,392.45,380.52,390.51,68671644
2025-06-03,397.7,390.21,398.8,389.4,397.7,62527334
2025-06-04,399.33,398.16,401.39,395.64,399.33,76480138
2025-06-05,394.07,398.78,399.61,393.8,394.07,62168836
2025-06-06,384.95,394.82,394.71,384.31,384.95,77718099
2025-06-09,377.34,384.12,385.5,376.79,377.34,64442588
2025-06-10,371.36,377.87,377.38,371.32,371.36,65101018
2025-06-11,363.67,372.27,372.38,362.65,363.67,55672460
2025-06-12,364.93,364.07,365.02,363.58,364.93,55745307
2025-06-13,364.9,364.63,369.04,360.78,364.9,69468997
2025-06-16,369.76,364.99,370.59,364.07,369.76,57250628
2025-06-17,370.98,369.84,371.68,369.06,370.98,65886399
2025-06-18,365.14,371.63,371.52,364.6,365.14,51447761
2025-06-19,366.9,364.36,367.66,364.39,366.9,68606320
2025-06-20,372.31,366.64,373.48,365.73,372.31,89023570
2025-06-23,367.63,372.24,372.72,367.22,367.63,84083582
2025-06-24,372.58,367.52,372.82,367.38,372.58,38917768
2025-06-25,371.91,372.13,374.19,370.29,371.91,61457295
2025-06-26,379.32,372.58,379.77,371.47,379.32,42516570
2025-06-27,374.49,379.58,381.11,372.71,374.49,80867521
2025-06-30,369.23,373.48,374.53,369.2,369.23,83642455
2025-07-01,374.46,369.36,375.53,368.16,374.46,91715576
2025-07-02,376.97,374.7,378.96,372.47,376.97,53988897
2025-07-03,379.66,377.03,384.5,372.13,379.66,74632294
2025-07-04,388.12,380.06,388.79,378.99,388.12,70438894
2025-07-07,385.62,388.43,388.69,385.06,385.62,67230922
2025-07-08,388.18,384.97,390.58,383.22,388.18,58123875
2025-07-09,389.5,388.52,390.7,386.98,389.5,59605074
2025-07-10,399.3,389.48,399.37,389.44,399.3,73360948
2025-07-11,393.49,399.13,401.21,391.57,393.49,66463898
2025-07-14,389.89,392.38,396.23,387.14,389.89,49958929
2025-07-15,383.77,390.22,390.0,383.66,383.77,92592530
2025-07-16,388.0,383.09,389.64,382.13,388.0,41523074
2025-07-17,389.66,387.6,394.44,383.22,389.66,57922105
2025-07-18,386.46,389.64,389.69,386.43,386.46,52469295
2025-07-21,387.41,386.85,388.88,384.99,387.41,71402607
2025-07-22,387.04,387.17,387.51,386.93,387.04,50825992
2025-07-23,389.87,387.38,393.54,383.37,389.87,84564951
2025-07-24,386.35,390.08,390.48,385.73,386.35,67272754
2025-07-25,388.18,385.92,389.47,385.05,388.18,89211708
2025-07-28,385.38,387.68,389.16,384.4,385.38,42493693
2025-07-29,390.41,385.1,390.76,385.03,390.41,63184573
2025-07-30,390.03,390.72,390.42,390.02,390.03,57652216
2025-07-31,393.5,389.9,394.09,389.44,393.5,52898806
2025-08-01,390.78,393.27,394.82,389.46,390.78,89546378
2025-08-04,392.26,390.43,396.31,386.73,392.26,64237300
2025-08-05,397.65,392.39,399.14,390.77,397.65,60100649
2025-08-06,406.62,397.65,407.07,397.19,406.62,53282862
2025-08-07,406.51,406.58,406.75,406.37,406.51,63824404
2025-08-08,409.33,405.8,410.48,405.36,409.33,77995961
2025-08-11,403.47,409.4,410.1,402.71,403.47,77815769
2025-08-12,404.36,404.12,404.77,403.06,404.36,83085097
2025-08-13,408.83,404.44,410.8,402.38,408.83,25246646
2025-08-14,407.88,408.29,409.93,406.77,407.88,63928318
2025-08-15,412.84,407.9,413.21,407.5,412.84,41649260
2025-08-18,420.44,411.55,422.39,410.89,420.44,75995803
2025-08-19,416.97,420.25,421.47,415.94,416.97,58608716
2025-08-20,416.98,416.41,417.57,416.38,416.98,94654630
2025-08-21,416.78,416.98,417.48,416.29,416.78,64403566
2025-08-22,424.21,416.21,424.88,416.11,424.21,57934996
2025-08-25,421.84,424.01,425.02,421.03,421.84,61316747
2025-08-26,416.63,421.5,423.16,415.31,416.63,40782781
2025-08-27,412.28,416.71,417.16,411.75,412.28,49958321
2025-08-28,412.16,412.54,413.49,410.94,412.16,53936647
2025-08-29,411.25,412.06,414.73,408.67,411.25,83176233
2025-09-01,408.72,411.49,413.59,406.37,408.72,74994309
2025-09-02,409.2,409.6,409.67,408.25,409.2,66435430
2025-09-03,402.93,409.02,410.68,401.45,402.93,79054534
2025-09-04,397.81,402.67,403.31,397.43,397.81,60824503
2025-09-05,398.99,398.28,399.24,397.56,398.99,73390551
2025-09-08,394.98,399.23,399.12,394.84,394.98,83827376
2025-09-09,384.35,395.05,395.02,384.31,384.35,96593604
2025-09-10,379.51,384.05,384.5,379.36,379.51,72506967
2025-09-11,385.45,379.49,387.97,376.98,385.45,69218096
2025-09-12,389.54,384.9,391.44,383.54,389.54,81838398
2025-09-15,396.87,389.18,397.86,388.55,396.87,90971431
2025-09-16,393.57,397.15,399.41,391.04,393.57,50696437
2025-09-17,392.33,394.31,393.81,392.1,392.33,85775894
2025-09-18,396.6,392.3,397.83,391.1,396.6,37670626
2025-09-19,397.04,396.24,397.88,395.76,397.04,55049758
2025-09-22,394.87,396.88,397.21,394.7,394.87,48361442
2025-09-23,394.17,393.79,396.17,392.88,394.17,58304522
2025-09-24,396.74,394.4,397.69,393.22,396.74,67937275
2025-09-25,390.01,396.85,397.3,389.45,390.01,57581346
2025-09-26,389.77,390.18,390.94,388.84,389.77,81162178
2025-09-29,390.06,389.66,390.4,389.43,390.06,54550101
2025-09-30,383.15,389.74,390.62,382.59,383.15,69530617
2025-10-01,376.47,382.99,383.66,375.97,376.47,50990893
2025-10-02,380.5,376.32,381.96,375.01,380.5,49349747
2025-10-03,380.02,379.78,381.61,378.91,380.02,82427995
2025-10-06,379.84,380.29,382.07,377.78,379.84,53432558
2025-10-07,379.93,379.15,380.44,379.33,379.93,33093536
2025-10-08,375.11,380.09,381.36,373.68,375.11,67223346
2025-10-09,375.32,374.97,375.7,374.74,375.32,66093023
2025-10-10,378.86,375.21,379.14,375.04,378.86,70371554
2025-10-13,375.79,378.84,379.53,375.12,375.79,93706790
2025-10-14,376.03,376.11,376.13,375.69,376.03,54717025
2025-10-15,376.55,376.52,377.54,375.05,376.55,50362424
2025-10-16,385.52,376.05,386.15,375.93,385.52,64982450
2025-10-17,390.61,385.13,391.93,384.2,390.61,51833659
2025-10-20,390.03,390.96,391.77,388.88,390.03,59301472
2025-10-21,389.22,390.34,390.05,389.2,389.22,89697396
2025-10-22,388.36,389.28,390.12,387.46,388.36,43660570
2025-10-23,385.92,388.89,389.07,385.22,385.92,68951378
2025-10-24,386.04,385.72,388.04,383.92,386.04,60150761
2025-10-27,383.18,384.94,386.32,382.91,383.18,57729469
2025-10-28,383.83,383.18,385.02,381.99,383.83,45439756
2025-10-29,384.14,383.49,385.22,382.75,384.14,55290831
2025-10-30,372.2,384.76,386.69,369.65,372.2,67651814
2025-10-31,361.67,373.03,373.93,359.94,361.67,75895947
2025-11-03,356.07,362.44,362.01,355.73,356.07,85902792
2025-11-04,352.16,357.13,356.17,352.05,352.16,48841581
2025-11-05,352.19,352.2,354.02,350.33,352.19,72670984
2025-11-06,360.47,351.78,360.6,352.07,360.47,55999920
2025-11-07,357.74,359.88,362.55,355.67,357.74,61475739
2025-11-10,355.58,358.01,358.38,354.94,355.58,56758594
2025-11-11,351.68,355.89,357.57,349.69,351.68,74023250
2025-11-12,359.01,351.82,360.63,350.07,359.01,65733872
2025-11-13,357.31,358.82,361.68,354.65,357.31,95672348
2025-11-14,352.33,357.25,358.58,351.06,352.33,77732998
2025-11-17,357.06,353.47,357.3,352.09,357.06,80818005
2025-11-18,356.52,357.59,360.12,353.46,356.52,76777884
2025-11-19,349.31,356.71,356.94,348.89,349.31,78550656
2025-11-20,343.6,348.61,351.97,340.94,343.6,76109640
2025-11-21,349.8,343.37,350.78,342.62,349.8,37311816
2025-11-24,347.23,349.93,352.52,344.51,347.23,50077891
2025-11-25,349.42,347.55,350.73,345.92,349.42,91561965
2025-11-26,351.5,349.94,351.68,349.24,351.5,53895059
2025-11-27,353.86,351.84,355.28,350.08,353.86,82873262
2025-11-28,354.68,354.11,357.03,351.51,354.68,50263171
2025-12-01,353.69,354.95,356.55,351.82,353.69,84948098
2025-12-02,357.53,353.39,358.6,352.62,357.53,65325472
2025-12-03,352.97,357.67,358.48,352.02,352.97,70984694
2025-12-04,358.86,353.29,360.12,351.72,358.86,69724509
2025-12-05,359.98,358.83,363.2,355.64,359.98,54976241
2025-12-08,362.68,360.09,363.57,359.09,362.68,79871541
2025-12-09,366.94,362.52,367.03,362.6,366.94,62992552
2025-12-10,375.79,367.68,376.18,366.55,375.79,56749766
2025-12-11,383.87,375.76,384.28,375.38,383.87,55639378
2025-12-12,383.88,384.25,384.22,383.54,383.88,83377421
2025-12-15,385.72,383.4,387.33,382.27,385.72,61038860
2025-12-16,392.56,385.4,394.59,383.69,392.56,69309659
2025-12-17,397.05,392.43,398.39,391.22,397.05,75972414
2025-12-18,398.06,397.07,399.94,395.18,398.06,48721470
2025-12-19,402.86,398.6,403.87,397.05,402.86,40351295
2025-12-22,402.02,402.37,403.86,401.02,402.02,62324728
2025-12-23,399.9,402.43,402.13,399.79,399.9,99311750
2025-12-24,395.8,399.63,400.99,394.72,395.8,56160937
2025-12-25,397.69,396.09,399.19,394.31,397.69,64205620
2025-12-26,391.37,397.76,399.26,389.8,391.37,62004953
2025-12-29,387.33,390.64,392.06,386.64,387.33,84118859
2025-12-30,389.56,387.27,390.79,386.1,389.56,50371455
2025-12-31,395.15,389.45,396.18,388.53,395.15,57825842
2026-01-01,396.18,395.4,397.12,394.21,396.18,78300351
2026-01-02,394.32,396.5,397.73,392.77,394.32,76938079
2026-01-05,390.78,393.39,394.6,390.5,390.78,61888576
2026-01-06,392.09,391.06,392.71,390.16,392.09,53471813
2026-01-07,388.28,391.72,392.17,388.2,388.28,57298220
2026-01-08,389.87,387.68,389.89,388.27,389.87,55700695
2026-01-09,390.23,389.49,391.16,388.95,390.23,75176043
2026-01-12,393.41,390.41,394.95,388.69,393.41,68254427
2026-01-13,390.69,393.48,393.46,390.64,390.69,70357128
2026-01-14,381.36,390.74,392.26,379.8,381.36,70564823
2026-01-15,381.13,381.74,383.66,378.83,381.13,70062397
2026-01-16,380.47,381.07,382.0,379.6,380.47,67462210
2026-01-19,377.97,381.42,382.64,375.8,377.97,71711310
2026-01-20,380.35,377.92,382.01,376.31,380.35,67938980
2026-01-21,372.8,380.32,382.01,371.15,372.8,71078601
2026-01-22,377.73,373.36,378.42,372.11,377.73,49177364
2026-01-23,374.98,377.35,378.01,374.7,374.98,65986575
2026-01-26,376.99,374.91,377.46,374.51,376.99,54256713
